symbol,timeframe,bos_count_evaluation,structural_sfp_count_evaluation,longest_broken_run,suffix_exact
BTCUSDT,5,2918,11505,79,True
BTCUSDT,15,943,3986,77,True
BTCUSDT,60,232,1009,42,True
BTCUSDT,240,57,239,48,True
ETHUSDT,5,2753,12352,99,True
ETHUSDT,15,932,4181,65,True
ETHUSDT,60,247,1056,100,True
ETHUSDT,240,52,242,71,True
SOLUSDT,5,2601,9908,143,True
SOLUSDT,15,921,3841,108,True
SOLUSDT,60,225,1024,42,True
SOLUSDT,240,67,237,39,True
XRPUSDT,5,2662,10080,114,True
XRPUSDT,15,887,3847,152,True
XRPUSDT,60,234,1078,90,True
XRPUSDT,240,59,238,42,True
BNBUSDT,5,2313,7073,228,True
BNBUSDT,15,838,3183,77,True
BNBUSDT,60,227,910,82,True
BNBUSDT,240,65,267,29,True
DOGEUSDT,5,2534,9683,108,True
DOGEUSDT,15,857,3785,98,True
DOGEUSDT,60,234,1058,52,True
DOGEUSDT,240,60,249,34,True
ADAUSDT,5,2079,6592,170,True
ADAUSDT,15,761,3051,111,True
ADAUSDT,60,224,933,90,True
ADAUSDT,240,58,232,38,True
LINKUSDT,5,2480,9524,102,True
LINKUSDT,15,881,3723,87,True
LINKUSDT,60,226,1028,88,True
LINKUSDT,240,56,251,39,True
AVAXUSDT,5,2443,9438,141,True
AVAXUSDT,15,835,3643,80,True
AVAXUSDT,60,217,1017,55,True
AVAXUSDT,240,47,250,28,True
LTCUSDT,5,2347,7102,124,True
LTCUSDT,15,784,3252,117,True
LTCUSDT,60,216,1007,67,True
LTCUSDT,240,50,254,76,True
