reason,dimension,value,count,unique_setups
AGGRESSIVE_IMPULSE_THRESHOLD_NOT_MET,month,2026-01,4,3
AGGRESSIVE_IMPULSE_THRESHOLD_NOT_MET,month,2026-02,73,53
AGGRESSIVE_IMPULSE_THRESHOLD_NOT_MET,month,2026-03,90,71
AGGRESSIVE_IMPULSE_THRESHOLD_NOT_MET,month,2026-04,115,80
AGGRESSIVE_IMPULSE_THRESHOLD_NOT_MET,month,2026-05,86,57
AGGRESSIVE_IMPULSE_THRESHOLD_NOT_MET,month,2026-06,76,53
AGGRESSIVE_IMPULSE_THRESHOLD_NOT_MET,month,2026-07,70,56
AGGRESSIVE_IMPULSE_THRESHOLD_NOT_MET,month,2026-08,65,48
AGGRESSIVE_IMPULSE_THRESHOLD_NOT_MET,month,2026-09,51,44
AGGRESSIVE_IMPULSE_THRESHOLD_NOT_MET,score_bucket,85-99,630,454
AGGRESSIVE_IMPULSE_THRESHOLD_NOT_MET,symbol,ADAUSDT,49,37
AGGRESSIVE_IMPULSE_THRESHOLD_NOT_MET,symbol,AVAXUSDT,62,45
AGGRESSIVE_IMPULSE_THRESHOLD_NOT_MET,symbol,BNBUSDT,48,33
AGGRESSIVE_IMPULSE_THRESHOLD_NOT_MET,symbol,BTCUSDT,71,54
AGGRESSIVE_IMPULSE_THRESHOLD_NOT_MET,symbol,DOGEUSDT,83,58
AGGRESSIVE_IMPULSE_THRESHOLD_NOT_MET,symbol,ETHUSDT,49,37
AGGRESSIVE_IMPULSE_THRESHOLD_NOT_MET,symbol,LINKUSDT,67,47
AGGRESSIVE_IMPULSE_THRESHOLD_NOT_MET,symbol,LTCUSDT,37,27
AGGRESSIVE_IMPULSE_THRESHOLD_NOT_MET,symbol,SOLUSDT,70,54
AGGRESSIVE_IMPULSE_THRESHOLD_NOT_MET,symbol,XRPUSDT,94,62
AGGRESSIVE_IMPULSE_THRESHOLD_NOT_MET,timeframe,60/5,630,454
ALL_HTF_SFP_CONTEXTS_INVALIDATED,month,2026-01,124,110
ALL_HTF_SFP_CONTEXTS_INVALIDATED,month,2026-02,689,651
ALL_HTF_SFP_CONTEXTS_INVALIDATED,month,2026-03,895,842
ALL_HTF_SFP_CONTEXTS_INVALIDATED,month,2026-04,860,800
ALL_HTF_SFP_CONTEXTS_INVALIDATED,month,2026-05,863,809
ALL_HTF_SFP_CONTEXTS_INVALIDATED,month,2026-06,843,789
ALL_HTF_SFP_CONTEXTS_INVALIDATED,month,2026-07,831,774
ALL_HTF_SFP_CONTEXTS_INVALIDATED,month,2026-08,844,804
ALL_HTF_SFP_CONTEXTS_INVALIDATED,month,2026-09,608,566
ALL_HTF_SFP_CONTEXTS_INVALIDATED,score_bucket,65-84,683,462
ALL_HTF_SFP_CONTEXTS_INVALIDATED,score_bucket,85-99,5874,5871
ALL_HTF_SFP_CONTEXTS_INVALIDATED,symbol,ADAUSDT,569,536
ALL_HTF_SFP_CONTEXTS_INVALIDATED,symbol,AVAXUSDT,635,607
ALL_HTF_SFP_CONTEXTS_INVALIDATED,symbol,BNBUSDT,594,545
ALL_HTF_SFP_CONTEXTS_INVALIDATED,symbol,BTCUSDT,695,654
ALL_HTF_SFP_CONTEXTS_INVALIDATED,symbol,DOGEUSDT,687,651
ALL_HTF_SFP_CONTEXTS_INVALIDATED,symbol,ETHUSDT,667,638
ALL_HTF_SFP_CONTEXTS_INVALIDATED,symbol,LINKUSDT,670,618
ALL_HTF_SFP_CONTEXTS_INVALIDATED,symbol,LTCUSDT,641,587
ALL_HTF_SFP_CONTEXTS_INVALIDATED,symbol,SOLUSDT,660,618
ALL_HTF_SFP_CONTEXTS_INVALIDATED,symbol,XRPUSDT,739,691
ALL_HTF_SFP_CONTEXTS_INVALIDATED,timeframe,60/5,6557,6145
DIRECTIONAL_IMBALANCE_NOT_CONFIRMED,month,2026-01,15,12
DIRECTIONAL_IMBALANCE_NOT_CONFIRMED,month,2026-02,78,55
DIRECTIONAL_IMBALANCE_NOT_CONFIRMED,month,2026-03,82,65
DIRECTIONAL_IMBALANCE_NOT_CONFIRMED,month,2026-04,120,77
DIRECTIONAL_IMBALANCE_NOT_CONFIRMED,month,2026-05,102,72
DIRECTIONAL_IMBALANCE_NOT_CONFIRMED,month,2026-06,99,68
DIRECTIONAL_IMBALANCE_NOT_CONFIRMED,month,2026-07,113,96
DIRECTIONAL_IMBALANCE_NOT_CONFIRMED,month,2026-08,113,88
DIRECTIONAL_IMBALANCE_NOT_CONFIRMED,month,2026-09,68,48
DIRECTIONAL_IMBALANCE_NOT_CONFIRMED,score_bucket,85-99,790,574
DIRECTIONAL_IMBALANCE_NOT_CONFIRMED,symbol,ADAUSDT,82,59
DIRECTIONAL_IMBALANCE_NOT_CONFIRMED,symbol,AVAXUSDT,59,45
DIRECTIONAL_IMBALANCE_NOT_CONFIRMED,symbol,BNBUSDT,83,61
DIRECTIONAL_IMBALANCE_NOT_CONFIRMED,symbol,BTCUSDT,62,46
DIRECTIONAL_IMBALANCE_NOT_CONFIRMED,symbol,DOGEUSDT,90,63
DIRECTIONAL_IMBALANCE_NOT_CONFIRMED,symbol,ETHUSDT,55,44
DIRECTIONAL_IMBALANCE_NOT_CONFIRMED,symbol,LINKUSDT,78,54
DIRECTIONAL_IMBALANCE_NOT_CONFIRMED,symbol,LTCUSDT,88,66
DIRECTIONAL_IMBALANCE_NOT_CONFIRMED,symbol,SOLUSDT,90,68
DIRECTIONAL_IMBALANCE_NOT_CONFIRMED,symbol,XRPUSDT,103,68
DIRECTIONAL_IMBALANCE_NOT_CONFIRMED,timeframe,60/5,790,574
FRESH_PREEXISTING_HTF_POI_NOT_FOUND,month,2026-02,1,1
FRESH_PREEXISTING_HTF_POI_NOT_FOUND,month,2026-04,2,1
FRESH_PREEXISTING_HTF_POI_NOT_FOUND,month,2026-05,2,1
FRESH_PREEXISTING_HTF_POI_NOT_FOUND,month,2026-06,2,1
FRESH_PREEXISTING_HTF_POI_NOT_FOUND,month,2026-07,2,2
FRESH_PREEXISTING_HTF_POI_NOT_FOUND,month,2026-08,4,2
FRESH_PREEXISTING_HTF_POI_NOT_FOUND,month,2026-09,2,1
FRESH_PREEXISTING_HTF_POI_NOT_FOUND,score_bucket,85-99,15,9
FRESH_PREEXISTING_HTF_POI_NOT_FOUND,symbol,ADAUSDT,1,1
FRESH_PREEXISTING_HTF_POI_NOT_FOUND,symbol,ETHUSDT,4,2
FRESH_PREEXISTING_HTF_POI_NOT_FOUND,symbol,LINKUSDT,4,2
FRESH_PREEXISTING_HTF_POI_NOT_FOUND,symbol,LTCUSDT,2,1
FRESH_PREEXISTING_HTF_POI_NOT_FOUND,symbol,SOLUSDT,1,1
FRESH_PREEXISTING_HTF_POI_NOT_FOUND,symbol,XRPUSDT,3,2
FRESH_PREEXISTING_HTF_POI_NOT_FOUND,timeframe,60/5,15,9
NO_ELIGIBLE_POST_BOS_OB,month,2026-01,26,21
NO_ELIGIBLE_POST_BOS_OB,month,2026-02,174,126
NO_ELIGIBLE_POST_BOS_OB,month,2026-03,196,153
NO_ELIGIBLE_POST_BOS_OB,month,2026-04,247,169
NO_ELIGIBLE_POST_BOS_OB,month,2026-05,234,161
NO_ELIGIBLE_POST_BOS_OB,month,2026-06,201,136
NO_ELIGIBLE_POST_BOS_OB,month,2026-07,233,175
NO_ELIGIBLE_POST_BOS_OB,month,2026-08,213,158
NO_ELIGIBLE_POST_BOS_OB,month,2026-09,146,106
NO_ELIGIBLE_POST_BOS_OB,score_bucket,85-99,1670,1188
NO_ELIGIBLE_POST_BOS_OB,symbol,ADAUSDT,142,104
NO_ELIGIBLE_POST_BOS_OB,symbol,AVAXUSDT,160,110
NO_ELIGIBLE_POST_BOS_OB,symbol,BNBUSDT,167,118
NO_ELIGIBLE_POST_BOS_OB,symbol,BTCUSDT,148,111
NO_ELIGIBLE_POST_BOS_OB,symbol,DOGEUSDT,181,129
NO_ELIGIBLE_POST_BOS_OB,symbol,ETHUSDT,126,95
NO_ELIGIBLE_POST_BOS_OB,symbol,LINKUSDT,194,137
NO_ELIGIBLE_POST_BOS_OB,symbol,LTCUSDT,175,124
NO_ELIGIBLE_POST_BOS_OB,symbol,SOLUSDT,173,126
NO_ELIGIBLE_POST_BOS_OB,symbol,XRPUSDT,204,134
NO_ELIGIBLE_POST_BOS_OB,timeframe,60/5,1670,1188
NO_POST_BOS_OB_PATTERN,month,2026-01,107,101
NO_POST_BOS_OB_PATTERN,month,2026-02,600,561
NO_POST_BOS_OB_PATTERN,month,2026-03,760,703
NO_POST_BOS_OB_PATTERN,month,2026-04,666,618
NO_POST_BOS_OB_PATTERN,month,2026-05,655,612
NO_POST_BOS_OB_PATTERN,month,2026-06,601,564
NO_POST_BOS_OB_PATTERN,month,2026-07,642,603
NO_POST_BOS_OB_PATTERN,month,2026-08,560,530
NO_POST_BOS_OB_PATTERN,month,2026-09,439,393
NO_POST_BOS_OB_PATTERN,score_bucket,85-99,5030,4665
NO_POST_BOS_OB_PATTERN,symbol,ADAUSDT,445,417
NO_POST_BOS_OB_PATTERN,symbol,AVAXUSDT,516,475
NO_POST_BOS_OB_PATTERN,symbol,BNBUSDT,421,394
NO_POST_BOS_OB_PATTERN,symbol,BTCUSDT,548,515
NO_POST_BOS_OB_PATTERN,symbol,DOGEUSDT,541,495
NO_POST_BOS_OB_PATTERN,symbol,ETHUSDT,591,542
NO_POST_BOS_OB_PATTERN,symbol,LINKUSDT,469,438
NO_POST_BOS_OB_PATTERN,symbol,LTCUSDT,445,414
NO_POST_BOS_OB_PATTERN,symbol,SOLUSDT,498,461
NO_POST_BOS_OB_PATTERN,symbol,XRPUSDT,556,514
NO_POST_BOS_OB_PATTERN,timeframe,60/5,5030,4665
OB_OUTSIDE_OTE_OR_STRUCTURAL_IMPULSE,month,2026-01,14,11
OB_OUTSIDE_OTE_OR_STRUCTURAL_IMPULSE,month,2026-02,58,33
OB_OUTSIDE_OTE_OR_STRUCTURAL_IMPULSE,month,2026-03,75,51
OB_OUTSIDE_OTE_OR_STRUCTURAL_IMPULSE,month,2026-04,88,52
OB_OUTSIDE_OTE_OR_STRUCTURAL_IMPULSE,month,2026-05,109,68
OB_OUTSIDE_OTE_OR_STRUCTURAL_IMPULSE,month,2026-06,74,41
OB_OUTSIDE_OTE_OR_STRUCTURAL_IMPULSE,month,2026-07,104,64
OB_OUTSIDE_OTE_OR_STRUCTURAL_IMPULSE,month,2026-08,81,56
OB_OUTSIDE_OTE_OR_STRUCTURAL_IMPULSE,month,2026-09,54,32
OB_OUTSIDE_OTE_OR_STRUCTURAL_IMPULSE,score_bucket,85-99,657,399
OB_OUTSIDE_OTE_OR_STRUCTURAL_IMPULSE,symbol,ADAUSDT,51,32
OB_OUTSIDE_OTE_OR_STRUCTURAL_IMPULSE,symbol,AVAXUSDT,65,41
OB_OUTSIDE_OTE_OR_STRUCTURAL_IMPULSE,symbol,BNBUSDT,73,45
OB_OUTSIDE_OTE_OR_STRUCTURAL_IMPULSE,symbol,BTCUSDT,46,30
OB_OUTSIDE_OTE_OR_STRUCTURAL_IMPULSE,symbol,DOGEUSDT,57,34
OB_OUTSIDE_OTE_OR_STRUCTURAL_IMPULSE,symbol,ETHUSDT,48,29
OB_OUTSIDE_OTE_OR_STRUCTURAL_IMPULSE,symbol,LINKUSDT,100,62
OB_OUTSIDE_OTE_OR_STRUCTURAL_IMPULSE,symbol,LTCUSDT,82,53
OB_OUTSIDE_OTE_OR_STRUCTURAL_IMPULSE,symbol,SOLUSDT,62,36
OB_OUTSIDE_OTE_OR_STRUCTURAL_IMPULSE,symbol,XRPUSDT,73,37
OB_OUTSIDE_OTE_OR_STRUCTURAL_IMPULSE,timeframe,60/5,657,399
RAW_STRUCTURAL_LIQUIDITY_SWEEP_NOT_FOUND,month,2026-01,1,1
RAW_STRUCTURAL_LIQUIDITY_SWEEP_NOT_FOUND,month,2026-02,15,11
RAW_STRUCTURAL_LIQUIDITY_SWEEP_NOT_FOUND,month,2026-03,3,2
RAW_STRUCTURAL_LIQUIDITY_SWEEP_NOT_FOUND,month,2026-04,23,14
RAW_STRUCTURAL_LIQUIDITY_SWEEP_NOT_FOUND,month,2026-05,18,9
RAW_STRUCTURAL_LIQUIDITY_SWEEP_NOT_FOUND,month,2026-06,17,9
RAW_STRUCTURAL_LIQUIDITY_SWEEP_NOT_FOUND,month,2026-07,8,5
RAW_STRUCTURAL_LIQUIDITY_SWEEP_NOT_FOUND,month,2026-08,13,8
RAW_STRUCTURAL_LIQUIDITY_SWEEP_NOT_FOUND,month,2026-09,10,5
RAW_STRUCTURAL_LIQUIDITY_SWEEP_NOT_FOUND,score_bucket,85-99,108,62
RAW_STRUCTURAL_LIQUIDITY_SWEEP_NOT_FOUND,symbol,ADAUSDT,9,4
RAW_STRUCTURAL_LIQUIDITY_SWEEP_NOT_FOUND,symbol,AVAXUSDT,17,10
RAW_STRUCTURAL_LIQUIDITY_SWEEP_NOT_FOUND,symbol,BNBUSDT,14,8
RAW_STRUCTURAL_LIQUIDITY_SWEEP_NOT_FOUND,symbol,BTCUSDT,1,1
RAW_STRUCTURAL_LIQUIDITY_SWEEP_NOT_FOUND,symbol,DOGEUSDT,11,6
RAW_STRUCTURAL_LIQUIDITY_SWEEP_NOT_FOUND,symbol,ETHUSDT,6,5
RAW_STRUCTURAL_LIQUIDITY_SWEEP_NOT_FOUND,symbol,LINKUSDT,11,8
RAW_STRUCTURAL_LIQUIDITY_SWEEP_NOT_FOUND,symbol,LTCUSDT,13,7
RAW_STRUCTURAL_LIQUIDITY_SWEEP_NOT_FOUND,symbol,SOLUSDT,13,6
RAW_STRUCTURAL_LIQUIDITY_SWEEP_NOT_FOUND,symbol,XRPUSDT,13,7
RAW_STRUCTURAL_LIQUIDITY_SWEEP_NOT_FOUND,timeframe,60/5,108,62
REJECTED_ENTRY_GEOMETRY,month,2026-01,2,2
REJECTED_ENTRY_GEOMETRY,month,2026-02,6,6
REJECTED_ENTRY_GEOMETRY,month,2026-03,7,7
REJECTED_ENTRY_GEOMETRY,month,2026-04,5,5
REJECTED_ENTRY_GEOMETRY,month,2026-05,7,7
REJECTED_ENTRY_GEOMETRY,month,2026-06,6,6
REJECTED_ENTRY_GEOMETRY,month,2026-07,9,9
REJECTED_ENTRY_GEOMETRY,month,2026-08,5,5
REJECTED_ENTRY_GEOMETRY,month,2026-09,6,6
REJECTED_ENTRY_GEOMETRY,score_bucket,65-84,53,53
REJECTED_ENTRY_GEOMETRY,symbol,ADAUSDT,4,4
REJECTED_ENTRY_GEOMETRY,symbol,AVAXUSDT,5,5
REJECTED_ENTRY_GEOMETRY,symbol,BNBUSDT,5,5
REJECTED_ENTRY_GEOMETRY,symbol,BTCUSDT,3,3
REJECTED_ENTRY_GEOMETRY,symbol,DOGEUSDT,7,7
REJECTED_ENTRY_GEOMETRY,symbol,ETHUSDT,5,5
REJECTED_ENTRY_GEOMETRY,symbol,LINKUSDT,7,7
REJECTED_ENTRY_GEOMETRY,symbol,LTCUSDT,5,5
REJECTED_ENTRY_GEOMETRY,symbol,SOLUSDT,6,6
REJECTED_ENTRY_GEOMETRY,symbol,XRPUSDT,6,6
REJECTED_ENTRY_GEOMETRY,timeframe,60/5,53,53
WAITING_FOR_ENTRY_GEOMETRY,month,2026-01,115,113
WAITING_FOR_ENTRY_GEOMETRY,month,2026-02,558,537
WAITING_FOR_ENTRY_GEOMETRY,month,2026-03,741,714
WAITING_FOR_ENTRY_GEOMETRY,month,2026-04,735,708
WAITING_FOR_ENTRY_GEOMETRY,month,2026-05,665,643
WAITING_FOR_ENTRY_GEOMETRY,month,2026-06,608,582
WAITING_FOR_ENTRY_GEOMETRY,month,2026-07,704,683
WAITING_FOR_ENTRY_GEOMETRY,month,2026-08,616,583
WAITING_FOR_ENTRY_GEOMETRY,month,2026-09,439,431
WAITING_FOR_ENTRY_GEOMETRY,score_bucket,65-84,5181,4994
WAITING_FOR_ENTRY_GEOMETRY,symbol,ADAUSDT,478,462
WAITING_FOR_ENTRY_GEOMETRY,symbol,AVAXUSDT,484,470
WAITING_FOR_ENTRY_GEOMETRY,symbol,BNBUSDT,491,465
WAITING_FOR_ENTRY_GEOMETRY,symbol,BTCUSDT,533,519
WAITING_FOR_ENTRY_GEOMETRY,symbol,DOGEUSDT,541,520
WAITING_FOR_ENTRY_GEOMETRY,symbol,ETHUSDT,531,515
WAITING_FOR_ENTRY_GEOMETRY,symbol,LINKUSDT,532,514
WAITING_FOR_ENTRY_GEOMETRY,symbol,LTCUSDT,501,480
WAITING_FOR_ENTRY_GEOMETRY,symbol,SOLUSDT,534,516
WAITING_FOR_ENTRY_GEOMETRY,symbol,XRPUSDT,556,533
WAITING_FOR_ENTRY_GEOMETRY,timeframe,60/5,5181,4994
