stage,entered_count,passed_count,failed_count,waiting_count,invalidated_count,percentage_of_all_setups,percentage_of_previous_stage
SETUP,6357,6357,0,0,0,100.0,100.0
SFP,6357,6357,0,0,0,100.0,100.0
POST-SFP BOS,6357,6357,0,0,0,100.0,100.0
ENTRY GEOMETRY,6357,5853,53,0,451,92.07173194903257,92.07173194903257
OTE,5853,5853,0,0,0,92.07173194903257,100.0
SOURCE CONTEXT,5853,5853,0,0,0,92.07173194903257,100.0
AUTO LEVELS,5853,5853,0,0,0,92.07173194903257,100.0
OB,5853,9,5844,0,0,0.1415762151958471,0.15376729882111737
POI,9,0,9,0,0,0.0,0.0
3 TARGETS,0,0,0,0,0,0.0,
RANGE REVIEW,0,0,0,0,0,0.0,
SCORE,0,0,0,0,0,0.0,
READY,0,0,0,0,0,0.0,
