rank,signal_id,symbol,direction,timestamp,score,passed_gates,failed_gates,exact_blocker,entry_zone,ob_zone,poi_count,range_status
1,b9e32be19a571a253c4eab6d,ETHUSDT,LONG,2026-05-05T07:55:00+00:00,85,AGGRESSION | IMBALANCE | OB_FRESH | OB_OTE_AND_IMPULSE | RAW_SWEEP | STOP_GEOMETRY | TREND_ALIGNMENT,SUPPORTING_POI,FRESH_PREEXISTING_HTF_POI_NOT_FOUND,"{""high"": 2375.9855000000002, ""low"": 2374.549}","{""high"": 2378.45, ""low"": 2374.37}",1,NOT_APPLICABLE_STRUCTURAL_SFP
2,ebf05de7077a86cefab5482a,LINKUSDT,LONG,2026-06-02T10:30:00+00:00,85,AGGRESSION | IMBALANCE | OB_FRESH | OB_OTE_AND_IMPULSE | RAW_SWEEP | STOP_GEOMETRY | TREND_ALIGNMENT,SUPPORTING_POI,FRESH_PREEXISTING_HTF_POI_NOT_FOUND,"{""high"": 8.794435, ""low"": 8.786529999999999}","{""high"": 8.8, ""low"": 8.779}",15,NOT_APPLICABLE_STRUCTURAL_SFP
3,4ed543c8373b73ca84215a6e,LINKUSDT,LONG,2026-08-08T04:15:00+00:00,85,AGGRESSION | IMBALANCE | OB_FRESH | OB_OTE_AND_IMPULSE | RAW_SWEEP | STOP_GEOMETRY | TREND_ALIGNMENT,SUPPORTING_POI,FRESH_PREEXISTING_HTF_POI_NOT_FOUND,"{""high"": 8.17986, ""low"": 8.170679999999999}","{""high"": 8.175, ""low"": 8.17}",8,NOT_APPLICABLE_STRUCTURAL_SFP
4,bc0288ba8cb49a7b41356c3e,ETHUSDT,SHORT,2026-08-16T20:50:00+00:00,85,AGGRESSION | IMBALANCE | OB_FRESH | OB_OTE_AND_IMPULSE | RAW_SWEEP | STOP_GEOMETRY | TREND_ALIGNMENT,SUPPORTING_POI,FRESH_PREEXISTING_HTF_POI_NOT_FOUND,"{""high"": 1886.1918, ""low"": 1885.7311}","{""high"": 1886.64, ""low"": 1885.63}",5,NOT_APPLICABLE_STRUCTURAL_SFP
5,fda233d977f7e292d1cdabc3,XRPUSDT,SHORT,2026-09-06T06:55:00+00:00,85,AGGRESSION | IMBALANCE | OB_FRESH | OB_OTE_AND_IMPULSE | RAW_SWEEP | STOP_GEOMETRY | TREND_ALIGNMENT,SUPPORTING_POI,FRESH_PREEXISTING_HTF_POI_NOT_FOUND,"{""high"": 1.425996, ""low"": 1.424942}","{""high"": 1.426, ""low"": 1.4227}",7,NOT_APPLICABLE_STRUCTURAL_SFP
6,dddb13ccfc7eed3bda9cc4b9,SOLUSDT,LONG,2026-02-21T13:45:00+00:00,85,AGGRESSION | IMBALANCE | OB_OTE_AND_IMPULSE | RAW_SWEEP | STOP_GEOMETRY | TREND_ALIGNMENT,OB_FRESH | SUPPORTING_POI,FRESH_PREEXISTING_HTF_POI_NOT_FOUND,"{""high"": 85.21390000000001, ""low"": 85.1782}","{""high"": 85.29, ""low"": 85.13}",3,NOT_APPLICABLE_STRUCTURAL_SFP
7,183fc44191068c2fa30c22df,ADAUSDT,LONG,2026-07-21T15:10:00+00:00,85,AGGRESSION | IMBALANCE | OB_OTE_AND_IMPULSE | RAW_SWEEP | STOP_GEOMETRY | TREND_ALIGNMENT,OB_FRESH | SUPPORTING_POI,FRESH_PREEXISTING_HTF_POI_NOT_FOUND,"{""high"": 0.1750375, ""low"": 0.174825}","{""high"": 0.1752, ""low"": 0.1747}",2,NOT_APPLICABLE_STRUCTURAL_SFP
8,e9ab8af4054fd148a775c1c1,LTCUSDT,SHORT,2026-04-20T21:45:00+00:00,85,AGGRESSION | IMBALANCE | OB_OTE_AND_IMPULSE | RAW_SWEEP | TREND_ALIGNMENT,OB_FRESH | STOP_GEOMETRY | SUPPORTING_POI,FRESH_PREEXISTING_HTF_POI_NOT_FOUND,"{""high"": 55.2212, ""low"": 55.1974}","{""high"": 55.21, ""low"": 55.16}",9,NOT_APPLICABLE_STRUCTURAL_SFP
9,f08e4acbfbb8e27e06d0269b,XRPUSDT,LONG,2026-07-08T14:00:00+00:00,85,AGGRESSION | IMBALANCE | OB_OTE_AND_IMPULSE | RAW_SWEEP | TREND_ALIGNMENT,OB_FRESH | STOP_GEOMETRY | SUPPORTING_POI,FRESH_PREEXISTING_HTF_POI_NOT_FOUND,"{""high"": 1.0775415, ""low"": 1.076377}","{""high"": 1.0799, ""low"": 1.0775}",1,NOT_APPLICABLE_STRUCTURAL_SFP
10,64af92cfb8f347115bd39052,BNBUSDT,LONG,2026-02-08T09:00:00+00:00,85,AGGRESSION | IMBALANCE | OB_FRESH | OB_OTE_AND_IMPULSE | STOP_GEOMETRY | TREND_ALIGNMENT,RAW_SWEEP | SUPPORTING_POI,RAW_STRUCTURAL_LIQUIDITY_SWEEP_NOT_FOUND,"{""high"": 642.181, ""low"": 641.178}","{""high"": 641.8, ""low"": 640.2}",0,NOT_APPLICABLE_STRUCTURAL_SFP
11,d06b9d2310cf23de98f6aeb0,BNBUSDT,SHORT,2026-02-20T14:00:00+00:00,85,AGGRESSION | IMBALANCE | OB_FRESH | OB_OTE_AND_IMPULSE | STOP_GEOMETRY | TREND_ALIGNMENT,RAW_SWEEP | SUPPORTING_POI,RAW_STRUCTURAL_LIQUIDITY_SWEEP_NOT_FOUND,"{""high"": 607.2570000000001, ""low"": 606.5515}","{""high"": 607.8, ""low"": 605.9}",3,NOT_APPLICABLE_STRUCTURAL_SFP
12,4f847fc022807e4b653f8bc1,LTCUSDT,SHORT,2026-02-21T02:20:00+00:00,85,AGGRESSION | IMBALANCE | OB_FRESH | OB_OTE_AND_IMPULSE | STOP_GEOMETRY | TREND_ALIGNMENT,RAW_SWEEP | SUPPORTING_POI,RAW_STRUCTURAL_LIQUIDITY_SWEEP_NOT_FOUND,"{""high"": 55.2677, ""low"": 55.21415}","{""high"": 55.32, ""low"": 55.24}",4,NOT_APPLICABLE_STRUCTURAL_SFP
13,3fbe45fc626e0cdba9723249,ADAUSDT,SHORT,2026-04-06T23:30:00+00:00,85,AGGRESSION | IMBALANCE | OB_FRESH | OB_OTE_AND_IMPULSE | STOP_GEOMETRY | TREND_ALIGNMENT,RAW_SWEEP | SUPPORTING_POI,RAW_STRUCTURAL_LIQUIDITY_SWEEP_NOT_FOUND,"{""high"": 0.25104099999999996, ""low"": 0.25036949999999997}","{""high"": 0.2511, ""low"": 0.2506}",1,NOT_APPLICABLE_STRUCTURAL_SFP
14,ec8df25877843254c71601c2,SOLUSDT,LONG,2026-04-07T17:55:00+00:00,85,AGGRESSION | IMBALANCE | OB_FRESH | OB_OTE_AND_IMPULSE | STOP_GEOMETRY | TREND_ALIGNMENT,RAW_SWEEP | SUPPORTING_POI,RAW_STRUCTURAL_LIQUIDITY_SWEEP_NOT_FOUND,"{""high"": 79.09585, ""low"": 78.8723}","{""high"": 78.95, ""low"": 78.83}",2,NOT_APPLICABLE_STRUCTURAL_SFP
15,22bd87050acc450d18f2cf14,ADAUSDT,LONG,2026-04-23T20:15:00+00:00,85,AGGRESSION | IMBALANCE | OB_FRESH | OB_OTE_AND_IMPULSE | STOP_GEOMETRY | TREND_ALIGNMENT,RAW_SWEEP | SUPPORTING_POI,RAW_STRUCTURAL_LIQUIDITY_SWEEP_NOT_FOUND,"{""high"": 0.246731, ""low"": 0.246578}","{""high"": 0.2469, ""low"": 0.2465}",6,NOT_APPLICABLE_STRUCTURAL_SFP
16,faf51e69b8c2b22e02d513fc,ADAUSDT,LONG,2026-05-04T13:35:00+00:00,85,AGGRESSION | IMBALANCE | OB_FRESH | OB_OTE_AND_IMPULSE | STOP_GEOMETRY | TREND_ALIGNMENT,RAW_SWEEP | SUPPORTING_POI,RAW_STRUCTURAL_LIQUIDITY_SWEEP_NOT_FOUND,"{""high"": 0.24877849999999999, ""low"": 0.248583}","{""high"": 0.249, ""low"": 0.2481}",13,NOT_APPLICABLE_STRUCTURAL_SFP
17,7842d7e67266aaee4d002442,LTCUSDT,SHORT,2026-05-20T01:00:00+00:00,85,AGGRESSION | IMBALANCE | OB_FRESH | OB_OTE_AND_IMPULSE | STOP_GEOMETRY | TREND_ALIGNMENT,RAW_SWEEP | SUPPORTING_POI,RAW_STRUCTURAL_LIQUIDITY_SWEEP_NOT_FOUND,"{""high"": 54.3489, ""low"": 54.27155}","{""high"": 54.38, ""low"": 54.27}",16,NOT_APPLICABLE_STRUCTURAL_SFP
18,c589a7784f7928fae9e3636c,BNBUSDT,LONG,2026-05-20T02:30:00+00:00,85,AGGRESSION | IMBALANCE | OB_FRESH | OB_OTE_AND_IMPULSE | STOP_GEOMETRY | TREND_ALIGNMENT,RAW_SWEEP | SUPPORTING_POI,RAW_STRUCTURAL_LIQUIDITY_SWEEP_NOT_FOUND,"{""high"": 638.062, ""low"": 637.756}","{""high"": 638.4, ""low"": 637.6}",9,NOT_APPLICABLE_STRUCTURAL_SFP
19,94bb675d8d0018520120194b,BNBUSDT,LONG,2026-06-17T05:30:00+00:00,85,AGGRESSION | IMBALANCE | OB_FRESH | OB_OTE_AND_IMPULSE | STOP_GEOMETRY | TREND_ALIGNMENT,RAW_SWEEP | SUPPORTING_POI,RAW_STRUCTURAL_LIQUIDITY_SWEEP_NOT_FOUND,"{""high"": 605.4635, ""low"": 605.013}","{""high"": 605.5, ""low"": 604.9}",10,NOT_APPLICABLE_STRUCTURAL_SFP
20,429d5a2850cf03305e319937,XRPUSDT,LONG,2026-06-28T21:00:00+00:00,85,AGGRESSION | IMBALANCE | OB_FRESH | OB_OTE_AND_IMPULSE | STOP_GEOMETRY | TREND_ALIGNMENT,RAW_SWEEP | SUPPORTING_POI,RAW_STRUCTURAL_LIQUIDITY_SWEEP_NOT_FOUND,"{""high"": 1.0446945, ""low"": 1.044091}","{""high"": 1.0445, ""low"": 1.0435}",1,NOT_APPLICABLE_STRUCTURAL_SFP
21,3a592f3ee181d585b9f860ce,AVAXUSDT,SHORT,2026-08-18T21:00:00+00:00,85,AGGRESSION | IMBALANCE | OB_FRESH | OB_OTE_AND_IMPULSE | STOP_GEOMETRY | TREND_ALIGNMENT,RAW_SWEEP | SUPPORTING_POI,RAW_STRUCTURAL_LIQUIDITY_SWEEP_NOT_FOUND,"{""high"": 6.34929, ""low"": 6.344955000000001}","{""high"": 6.353, ""low"": 6.344}",11,NOT_APPLICABLE_STRUCTURAL_SFP
22,397ff4862a378b3ee740a997,DOGEUSDT,LONG,2026-09-02T12:15:00+00:00,85,AGGRESSION | IMBALANCE | OB_FRESH | OB_OTE_AND_IMPULSE | STOP_GEOMETRY | TREND_ALIGNMENT,RAW_SWEEP | SUPPORTING_POI,RAW_STRUCTURAL_LIQUIDITY_SWEEP_NOT_FOUND,"{""high"": 0.0806924, ""low"": 0.0806312}","{""high"": 0.08068, ""low"": 0.08055}",2,NOT_APPLICABLE_STRUCTURAL_SFP
23,82e442bb1fd5ff48bacd7eab,SOLUSDT,SHORT,2026-09-11T18:25:00+00:00,85,AGGRESSION | IMBALANCE | OB_FRESH | OB_OTE_AND_IMPULSE | STOP_GEOMETRY | TREND_ALIGNMENT,RAW_SWEEP | SUPPORTING_POI,RAW_STRUCTURAL_LIQUIDITY_SWEEP_NOT_FOUND,"{""high"": 101.988, ""low"": 101.801}","{""high"": 102.05, ""low"": 101.77}",0,NOT_APPLICABLE_STRUCTURAL_SFP
24,2ff77e6f10ae57235d9c0f15,DOGEUSDT,LONG,2026-01-29T07:25:00+00:00,85,AGGRESSION | IMBALANCE | OB_OTE_AND_IMPULSE | STOP_GEOMETRY | TREND_ALIGNMENT,OB_FRESH | RAW_SWEEP | SUPPORTING_POI,RAW_STRUCTURAL_LIQUIDITY_SWEEP_NOT_FOUND,"{""high"": 0.12184635, ""low"": 0.1218013}","{""high"": 0.12195, ""low"": 0.12177}",0,NOT_APPLICABLE_STRUCTURAL_SFP
25,55d99e054d895a426be9ffbc,ADAUSDT,LONG,2026-02-02T07:00:00+00:00,85,AGGRESSION | IMBALANCE | OB_OTE_AND_IMPULSE | STOP_GEOMETRY | TREND_ALIGNMENT,OB_FRESH | RAW_SWEEP | SUPPORTING_POI,RAW_STRUCTURAL_LIQUIDITY_SWEEP_NOT_FOUND,"{""high"": 0.280445, ""low"": 0.27951}","{""high"": 0.2798, ""low"": 0.2781}",0,NOT_APPLICABLE_STRUCTURAL_SFP
26,9d39094d8dcfc2d69b77b674,DOGEUSDT,LONG,2026-02-02T07:00:00+00:00,85,AGGRESSION | IMBALANCE | OB_OTE_AND_IMPULSE | STOP_GEOMETRY | TREND_ALIGNMENT,OB_FRESH | RAW_SWEEP | SUPPORTING_POI,RAW_STRUCTURAL_LIQUIDITY_SWEEP_NOT_FOUND,"{""high"": 0.10118865, ""low"": 0.1008087}","{""high"": 0.10125, ""low"": 0.1006}",0,NOT_APPLICABLE_STRUCTURAL_SFP
27,e1bf5f990c73d1f990e191bd,XRPUSDT,LONG,2026-02-02T07:25:00+00:00,85,AGGRESSION | IMBALANCE | OB_OTE_AND_IMPULSE | STOP_GEOMETRY | TREND_ALIGNMENT,OB_FRESH | RAW_SWEEP | SUPPORTING_POI,RAW_STRUCTURAL_LIQUIDITY_SWEEP_NOT_FOUND,"{""high"": 1.5511785, ""low"": 1.545883}","{""high"": 1.554, ""low"": 1.5457}",0,NOT_APPLICABLE_STRUCTURAL_SFP
28,e4af0e6b43a7185058fab07b,XRPUSDT,LONG,2026-02-09T00:10:00+00:00,85,AGGRESSION | IMBALANCE | OB_OTE_AND_IMPULSE | STOP_GEOMETRY | TREND_ALIGNMENT,OB_FRESH | RAW_SWEEP | SUPPORTING_POI,RAW_STRUCTURAL_LIQUIDITY_SWEEP_NOT_FOUND,"{""high"": 1.434446, ""low"": 1.431148}","{""high"": 1.4328, ""low"": 1.4301}",1,NOT_APPLICABLE_STRUCTURAL_SFP
29,4149d8d3e46c4b6a850b7e88,DOGEUSDT,LONG,2026-02-26T23:15:00+00:00,85,AGGRESSION | IMBALANCE | OB_OTE_AND_IMPULSE | STOP_GEOMETRY | TREND_ALIGNMENT,OB_FRESH | RAW_SWEEP | SUPPORTING_POI,RAW_STRUCTURAL_LIQUIDITY_SWEEP_NOT_FOUND,"{""high"": 0.09667765, ""low"": 0.0966207}","{""high"": 0.09666, ""low"": 0.09653}",4,NOT_APPLICABLE_STRUCTURAL_SFP
30,5cd28e6b11681e52c370a8e4,LINKUSDT,SHORT,2026-02-27T00:55:00+00:00,85,AGGRESSION | IMBALANCE | OB_FRESH | OB_OTE_AND_IMPULSE | TREND_ALIGNMENT,RAW_SWEEP | STOP_GEOMETRY | SUPPORTING_POI,RAW_STRUCTURAL_LIQUIDITY_SWEEP_NOT_FOUND,"{""high"": 9.1106, ""low"": 9.098700000000001}","{""high"": 9.101, ""low"": 9.081}",2,NOT_APPLICABLE_STRUCTURAL_SFP
31,e21f37f37ee5b4e4268fd2f7,LINKUSDT,SHORT,2026-03-08T03:25:00+00:00,85,AGGRESSION | IMBALANCE | OB_FRESH | OB_OTE_AND_IMPULSE | TREND_ALIGNMENT,RAW_SWEEP | STOP_GEOMETRY | SUPPORTING_POI,RAW_STRUCTURAL_LIQUIDITY_SWEEP_NOT_FOUND,"{""high"": 8.68286, ""low"": 8.67147}","{""high"": 8.679, ""low"": 8.642}",7,NOT_APPLICABLE_STRUCTURAL_SFP
32,8cecab31d017ad7e9efaeb45,LTCUSDT,LONG,2026-03-29T08:10:00+00:00,85,AGGRESSION | IMBALANCE | OB_OTE_AND_IMPULSE | STOP_GEOMETRY | TREND_ALIGNMENT,OB_FRESH | RAW_SWEEP | SUPPORTING_POI,RAW_STRUCTURAL_LIQUIDITY_SWEEP_NOT_FOUND,"{""high"": 54.01835, ""low"": 54.0073}","{""high"": 54.01, ""low"": 53.98}",6,NOT_APPLICABLE_STRUCTURAL_SFP
33,2b4b2eb2bb3189023114fa50,AVAXUSDT,LONG,2026-04-06T05:35:00+00:00,85,AGGRESSION | IMBALANCE | OB_FRESH | OB_OTE_AND_IMPULSE | TREND_ALIGNMENT,RAW_SWEEP | STOP_GEOMETRY | SUPPORTING_POI,RAW_STRUCTURAL_LIQUIDITY_SWEEP_NOT_FOUND,"{""high"": 9.463204999999999, ""low"": 9.45479}","{""high"": 9.478, ""low"": 9.456}",3,NOT_APPLICABLE_STRUCTURAL_SFP
34,c916e8238cf816a21038612c,DOGEUSDT,SHORT,2026-04-08T15:10:00+00:00,85,AGGRESSION | IMBALANCE | OB_FRESH | OB_OTE_AND_IMPULSE | TREND_ALIGNMENT,RAW_SWEEP | STOP_GEOMETRY | SUPPORTING_POI,RAW_STRUCTURAL_LIQUIDITY_SWEEP_NOT_FOUND,"{""high"": 0.0945592, ""low"": 0.0943484}","{""high"": 0.09449, ""low"": 0.0941}",9,NOT_APPLICABLE_STRUCTURAL_SFP
35,616e70b9e8ec1cba806db39c,SOLUSDT,LONG,2026-04-14T14:15:00+00:00,85,AGGRESSION | IMBALANCE | OB_FRESH | OB_OTE_AND_IMPULSE | TREND_ALIGNMENT,RAW_SWEEP | STOP_GEOMETRY | SUPPORTING_POI,RAW_STRUCTURAL_LIQUIDITY_SWEEP_NOT_FOUND,"{""high"": 86.1069, ""low"": 85.95219999999999}","{""high"": 86.3, ""low"": 86.09}",10,NOT_APPLICABLE_STRUCTURAL_SFP
36,c4a5eee44dfc2eba4030efa8,XRPUSDT,LONG,2026-04-14T14:15:00+00:00,85,AGGRESSION | IMBALANCE | OB_FRESH | OB_OTE_AND_IMPULSE | TREND_ALIGNMENT,RAW_SWEEP | STOP_GEOMETRY | SUPPORTING_POI,RAW_STRUCTURAL_LIQUIDITY_SWEEP_NOT_FOUND,"{""high"": 1.3735680000000001, ""low"": 1.370984}","{""high"": 1.3757, ""low"": 1.3728}",6,NOT_APPLICABLE_STRUCTURAL_SFP
37,87536578d53262286092871d,LINKUSDT,LONG,2026-04-20T07:05:00+00:00,85,AGGRESSION | IMBALANCE | OB_OTE_AND_IMPULSE | STOP_GEOMETRY | TREND_ALIGNMENT,OB_FRESH | RAW_SWEEP | SUPPORTING_POI,RAW_STRUCTURAL_LIQUIDITY_SWEEP_NOT_FOUND,"{""high"": 9.133825, ""low"": 9.122349999999999}","{""high"": 9.127, ""low"": 9.118}",11,NOT_APPLICABLE_STRUCTURAL_SFP
38,25f9074aaebeb3892faf86a7,AVAXUSDT,LONG,2026-04-26T11:55:00+00:00,85,AGGRESSION | IMBALANCE | OB_FRESH | OB_OTE_AND_IMPULSE | TREND_ALIGNMENT,RAW_SWEEP | STOP_GEOMETRY | SUPPORTING_POI,RAW_STRUCTURAL_LIQUIDITY_SWEEP_NOT_FOUND,"{""high"": 9.457139999999999, ""low"": 9.44932}","{""high"": 9.462, ""low"": 9.453}",7,NOT_APPLICABLE_STRUCTURAL_SFP
39,7eb45edeeaf111026854d92b,SOLUSDT,LONG,2026-04-28T14:10:00+00:00,85,AGGRESSION | IMBALANCE | OB_OTE_AND_IMPULSE | STOP_GEOMETRY | TREND_ALIGNMENT,OB_FRESH | RAW_SWEEP | SUPPORTING_POI,RAW_STRUCTURAL_LIQUIDITY_SWEEP_NOT_FOUND,"{""high"": 83.44125, ""low"": 83.3775}","{""high"": 83.47, ""low"": 83.27}",8,NOT_APPLICABLE_STRUCTURAL_SFP
40,abe2788fa9a85525cdfe81bc,XRPUSDT,LONG,2026-05-03T22:30:00+00:00,85,AGGRESSION | IMBALANCE | OB_OTE_AND_IMPULSE | STOP_GEOMETRY | TREND_ALIGNMENT,OB_FRESH | RAW_SWEEP | SUPPORTING_POI,RAW_STRUCTURAL_LIQUIDITY_SWEEP_NOT_FOUND,"{""high"": 1.3964975, ""low"": 1.395605}","{""high"": 1.3967, ""low"": 1.394}",15,NOT_APPLICABLE_STRUCTURAL_SFP
41,935064148456fda1b4f01d56,LINKUSDT,LONG,2026-05-03T23:00:00+00:00,85,AGGRESSION | IMBALANCE | OB_OTE_AND_IMPULSE | STOP_GEOMETRY | TREND_ALIGNMENT,OB_FRESH | RAW_SWEEP | SUPPORTING_POI,RAW_STRUCTURAL_LIQUIDITY_SWEEP_NOT_FOUND,"{""high"": 9.165125, ""low"": 9.158750000000001}","{""high"": 9.174, ""low"": 9.151}",14,NOT_APPLICABLE_STRUCTURAL_SFP
42,2d693ec876db21182dba9185,AVAXUSDT,LONG,2026-05-12T12:50:00+00:00,85,AGGRESSION | IMBALANCE | OB_OTE_AND_IMPULSE | STOP_GEOMETRY | TREND_ALIGNMENT,OB_FRESH | RAW_SWEEP | SUPPORTING_POI,RAW_STRUCTURAL_LIQUIDITY_SWEEP_NOT_FOUND,"{""high"": 9.852615, ""low"": 9.84437}","{""high"": 9.853, ""low"": 9.834}",2,NOT_APPLICABLE_STRUCTURAL_SFP
43,a02f60c99e6e87684316b5c6,DOGEUSDT,LONG,2026-05-21T08:25:00+00:00,85,AGGRESSION | IMBALANCE | OB_FRESH | OB_OTE_AND_IMPULSE | TREND_ALIGNMENT,RAW_SWEEP | STOP_GEOMETRY | SUPPORTING_POI,RAW_STRUCTURAL_LIQUIDITY_SWEEP_NOT_FOUND,"{""high"": 0.1054194, ""low"": 0.1053072}","{""high"": 0.10547, ""low"": 0.10538}",2,NOT_APPLICABLE_STRUCTURAL_SFP
44,af2aa1b6569c6d034f8e32a2,BNBUSDT,LONG,2026-05-22T12:30:00+00:00,85,AGGRESSION | IMBALANCE | OB_FRESH | OB_OTE_AND_IMPULSE | TREND_ALIGNMENT,RAW_SWEEP | STOP_GEOMETRY | SUPPORTING_POI,RAW_STRUCTURAL_LIQUIDITY_SWEEP_NOT_FOUND,"{""high"": 656.557, ""low"": 656.166}","{""high"": 656.6, ""low"": 656.2}",6,NOT_APPLICABLE_STRUCTURAL_SFP
45,ecac573194c73f8110ea8f82,SOLUSDT,SHORT,2026-06-07T20:00:00+00:00,85,AGGRESSION | IMBALANCE | OB_FRESH | OB_OTE_AND_IMPULSE | TREND_ALIGNMENT,RAW_SWEEP | STOP_GEOMETRY | SUPPORTING_POI,RAW_STRUCTURAL_LIQUIDITY_SWEEP_NOT_FOUND,"{""high"": 65.10629999999999, ""low"": 64.93885}","{""high"": 65.09, ""low"": 64.92}",0,NOT_APPLICABLE_STRUCTURAL_SFP
46,673f303ea5673148abc007be,XRPUSDT,LONG,2026-06-21T10:25:00+00:00,85,AGGRESSION | IMBALANCE | OB_FRESH | OB_OTE_AND_IMPULSE | TREND_ALIGNMENT,RAW_SWEEP | STOP_GEOMETRY | SUPPORTING_POI,RAW_STRUCTURAL_LIQUIDITY_SWEEP_NOT_FOUND,"{""high"": 1.1482815000000002, ""low"": 1.1477970000000002}","{""high"": 1.1491, ""low"": 1.148}",4,NOT_APPLICABLE_STRUCTURAL_SFP
47,6402acd66a199b0e0d51c785,LINKUSDT,SHORT,2026-06-28T11:10:00+00:00,85,AGGRESSION | IMBALANCE | OB_FRESH | OB_OTE_AND_IMPULSE | TREND_ALIGNMENT,RAW_SWEEP | STOP_GEOMETRY | SUPPORTING_POI,RAW_STRUCTURAL_LIQUIDITY_SWEEP_NOT_FOUND,"{""high"": 7.3192200000000005, ""low"": 7.30919}","{""high"": 7.31, ""low"": 7.289}",3,NOT_APPLICABLE_STRUCTURAL_SFP
48,436c164e99f8f808ecc5f247,SOLUSDT,LONG,2026-06-29T07:10:00+00:00,85,AGGRESSION | IMBALANCE | OB_FRESH | OB_OTE_AND_IMPULSE | TREND_ALIGNMENT,RAW_SWEEP | STOP_GEOMETRY | SUPPORTING_POI,RAW_STRUCTURAL_LIQUIDITY_SWEEP_NOT_FOUND,"{""high"": 71.79164999999999, ""low"": 71.6327}","{""high"": 71.83, ""low"": 71.66}",2,NOT_APPLICABLE_STRUCTURAL_SFP
49,17f4bd72f0e9e780ce95d71d,AVAXUSDT,LONG,2026-06-29T09:35:00+00:00,85,AGGRESSION | IMBALANCE | OB_FRESH | OB_OTE_AND_IMPULSE | TREND_ALIGNMENT,RAW_SWEEP | STOP_GEOMETRY | SUPPORTING_POI,RAW_STRUCTURAL_LIQUIDITY_SWEEP_NOT_FOUND,"{""high"": 6.523829999999999, ""low"": 6.5175399999999994}","{""high"": 6.535, ""low"": 6.522}",5,NOT_APPLICABLE_STRUCTURAL_SFP
50,1f3117f1131feb68238afb0e,LTCUSDT,SHORT,2026-07-16T23:35:00+00:00,85,AGGRESSION | IMBALANCE | OB_FRESH | OB_OTE_AND_IMPULSE | TREND_ALIGNMENT,RAW_SWEEP | STOP_GEOMETRY | SUPPORTING_POI,RAW_STRUCTURAL_LIQUIDITY_SWEEP_NOT_FOUND,"{""high"": 45.2103, ""low"": 45.16185}","{""high"": 45.21, ""low"": 45.19}",5,NOT_APPLICABLE_STRUCTURAL_SFP
