candidate_name,dimension,value,CLOSED,WIN,LOSS,BE,WR,WR_CI_low,WR_CI_high,PF,Expectancy,AvgR,NetPnL,GrossPnL,fees,slippage,MaxDrawdown_case_sum,AvgWin,AvgLoss,Payoff,Average_holding_seconds,trades_per_month,cost_multiplier
A,direction,LONG,1722,464,1258,0,0.2694541231126597,0.24902884527656768,0.29090572058873615,0.7779314125745874,-3.7587837395423893,-0.16063178374112777,-6472.625599491995,6038.215744550942,9383.130826885983,3127.7105171569533,9264.90790358535,48.867113244003576,23.169289463203224,2.109133010816446,27839.7212543554,,1.0
A,direction,SHORT,1545,325,1220,0,0.21035598705501618,0.19076438323013956,0.23138434935772428,0.4729013599650887,-9.649856720645108,-0.41238703934380805,-14909.028633396692,-2793.6042788782524,9086.568349697218,3028.8560048212235,14909.028633396378,41.157089487957755,23.184494030313907,1.7751989512535638,19610.679611650485,,1.0
A,symbol,ADAUSDT,274,77,197,0,0.28102189781021897,0.2311089099244761,0.33699010413432073,1.0478876557649957,0.8056661151294762,0.034430175860234,220.75251554547648,1615.730538499729,1046.2334687438006,348.7445542104519,763.3651448705247,62.734448253837364,23.400000000000002,2.6809593270870664,24296.715328467155,,1.0
A,symbol,AVAXUSDT,253,61,192,0,0.24110671936758893,0.19252264670888597,0.2974350859659873,0.8917961309709772,-1.9214954259825845,-0.0821151891445549,-486.1383427735939,1096.3112260785774,1186.8371437498301,395.61242510234115,1882.0368487479136,65.68297798731814,23.400000000000002,2.806964871252912,24537.154150197628,,1.0
A,symbol,BNBUSDT,279,73,206,0,0.2616487455197133,0.2135604815005697,0.31621142480148823,0.6694609598955826,-5.60817095559536,-0.23966542545279312,-1564.6796966111053,767.3775577983121,1749.042917785785,583.0143366236323,1736.6322886792955,43.41152889590556,22.979229640835978,1.8891638046368495,40311.82795698925,,1.0
A,symbol,BTCUSDT,425,80,345,0,0.18823529411764706,0.15392585450787016,0.22813016048483836,0.37973525430409044,-11.458188309984674,-0.4896661670933621,-4869.7300317434865,-479.00381681397084,3293.044675567347,1097.6815393621687,4908.874610620008,37.26650968050847,22.756669003432357,1.6376082841863902,19766.117647058825,,1.0
A,symbol,DOGEUSDT,333,87,246,0,0.26126126126126126,0.21698927908540136,0.3109785650253851,0.858557475922861,-2.4293655137717547,-0.10381903905007497,-808.9787160859943,1462.203428081712,1703.3865642597084,567.7955799079979,1391.2148926825414,56.4426270719336,23.24994825749682,2.4276452767474,24593.693693693695,,1.0
A,symbol,ETHUSDT,401,79,322,0,0.1970074812967581,0.16103214561901558,0.23873288657936492,0.4077564651617737,-10.957759353896977,-0.46828031426910155,-4394.061500912688,-774.1427873117063,2714.9390584251023,904.9796551758792,4408.63133139763,38.294778960068385,23.041456642105867,1.6619947061024196,23239.90024937656,,1.0
A,symbol,LINKUSDT,300,80,220,0,0.26666666666666666,0.21980599244000376,0.31942739413145094,0.6281133162869725,-6.3815754925155534,-0.27271690138955357,-1914.472647754666,127.39239872422912,1531.3987810374454,510.4662654414497,1988.1665007724978,40.41909190306668,23.4,1.7273116197891745,22634.0,,1.0
A,symbol,LTCUSDT,317,89,228,0,0.2807570977917981,0.23414143288085065,0.33262278608599505,0.6384069875757465,-6.032726960089237,-0.25780884444825797,-1912.374446348288,411.93081599910624,1743.2289344026715,581.0763279447226,2194.861419141888,37.93678538823761,23.196264675006294,1.6354695861491033,18308.51735015773,,1.0
A,symbol,SOLUSDT,377,88,289,0,0.23342175066312998,0.193541704406209,0.27867962196300383,0.49852890660627236,-8.99535388908335,-0.38441683286680983,-3391.248416184423,-708.2494990144505,2012.2492091250183,670.7497080449542,3392.365497305933,38.31081345244974,23.400000000000002,1.6372142501046898,24362.86472148541,,1.0
A,symbol,XRPUSDT,308,75,233,0,0.2435064935064935,0.19892505757793208,0.2944072254433306,0.5818503179277688,-7.340009577986754,-0.3136756229908869,-2260.72295001992,-274.93839636884917,1489.3384234864918,496.4461301645792,2296.4438066872244,41.943588579634365,23.203828727435614,1.8076149876956011,20902.597402597403,,1.0
A,mapping,15/5,1585,409,1176,0,0.2580441640378549,0.23710608274632283,0.2801522341600726,0.601596556135845,-6.829731067802813,-0.29186884905140226,-10825.123742467458,2135.0793016426087,9720.152219030431,3240.0508250796347,10825.123742467213,39.96610445043294,23.104813318617797,1.7297739609187128,14758.107255520505,,1.0
A,mapping,240/15,128,31,97,0,0.2421875,0.17618737999242146,0.3232113630861063,0.7421756844220453,-4.571950246084701,-0.19538248914891884,-585.2096314988418,53.295959087310884,478.8791913407517,159.62639924540093,877.9883472645323,54.34162479035995,23.400000000000002,2.32229165770769,68592.1875,,1.0
A,mapping,240/5,538,96,442,0,0.17843866171003717,0.14839928826062834,0.21303754096786717,0.7327530568965137,-5.106949775372859,-0.21824571689627606,-2747.5389791505986,1087.039583563839,2875.933889424715,958.6446732897228,4224.258515780447,78.47250602660651,23.2599537504634,3.373717199461032,27224.163568773234,,1.0
A,mapping,240/60,16,8,8,0,0.5,0.27999563610326017,0.7200043638967398,1.1512839791903897,1.7700225565275587,0.0756419895951948,28.32036090444094,70.36607953253068,31.534286860085793,10.511431768003956,112.58639684605765,26.940045113055117,23.4,1.1512839791903897,167962.5,,1.0
A,mapping,60/15,151,47,104,0,0.31125827814569534,0.24286279733030897,0.38901873857019037,0.7137400895414729,-4.574878560923823,-0.19550763080871036,-690.8066626994972,128.59952452366323,614.5546365594021,204.8515506637583,923.0772892724297,36.64698239793536,23.20398880194672,1.579339772602408,33532.45033112583,,1.0
A,mapping,60/5,849,198,651,0,0.2332155477031802,0.20601069040300313,0.262823762572106,0.5657553183861754,-7.728263342728781,-0.33026766421917864,-6561.295577976734,-229.76898267726358,4748.644953367815,1582.8816419316558,6981.360253846468,43.17362842380844,23.209944709509685,1.8601349104515161,27879.505300353358,,1.0
A,HTF,15,1585,409,1176,0,0.2580441640378549,0.23710608274632283,0.2801522341600726,0.601596556135845,-6.829731067802813,-0.29186884905140226,-10825.123742467458,2135.0793016426087,9720.152219030431,3240.0508250796347,10825.123742467213,39.96610445043294,23.104813318617797,1.7297739609187128,14758.107255520505,,1.0
A,HTF,240,682,135,547,0,0.19794721407624633,0.16977075847950693,0.2295073185436656,0.7405829560222716,-4.845202712236069,-0.2070599449673534,-3304.428249744999,1210.7016221836807,3386.347367625552,1128.7825043031278,4938.651694234468,69.87756524414685,23.28683648574922,3.00073242180876,38290.0293255132,,1.0
A,HTF,60,1000,245,755,0,0.245,0.21935239609499618,0.27259925073263697,0.5861354650845919,-7.252102240676232,-0.3099188991741979,-7252.102240676231,-101.16945815360035,5363.199589927217,1787.7331925954143,7686.855016302683,41.92157796170218,23.209124293103663,1.8062541883219054,28733.1,,1.0
A,LTF,15,279,78,201,0,0.27956989247311825,0.23017616078434422,0.3349512412844762,0.7275224745068146,-4.573535104653545,-0.19545021814758737,-1276.016294198339,181.8954836109741,1093.4338279001538,364.47794990915924,1673.8059521090177,43.6794684769759,23.298581270659,1.8747694535367916,49617.20430107527,,1.0
A,LTF,5,2972,703,2269,0,0.23654104979811574,0.2216091054605602,0.2521531827291489,0.6169471885337131,-6.77454855302651,-0.28951062192420984,-20133.95829959479,2992.3499025291844,17344.73106182296,5781.577140301014,21119.52963428931,46.12784598391944,23.165197896117302,1.9912562884537623,20763.088829071334,,1.0
A,LTF,60,16,8,8,0,0.5,0.27999563610326017,0.7200043638967398,1.1512839791903897,1.7700225565275587,0.0756419895951948,28.32036090444094,70.36607953253068,31.534286860085793,10.511431768003956,112.58639684605765,26.940045113055117,23.4,1.1512839791903897,167962.5,,1.0
A,setup_family,BREAKER,419,173,246,0,0.4128878281622912,0.3667441424786451,0.4606143190033554,1.0661243140610952,0.9084439175687092,0.03882238963968841,380.63800146128915,1851.659371227471,1103.2659717748832,367.75539799129837,1050.9960672393618,35.47420810093231,23.400000000000002,1.5159917991851413,61337.47016706444,,1.0
A,setup_family,DEMAND_SUPPLY,347,27,320,0,0.07780979827089338,0.054024043095407245,0.1108409047791123,0.3718938515300737,-13.475632288376437,-0.5758817217254887,-4676.044404066623,-418.90269920673404,3192.8562912120847,1064.285413647805,5059.66510557624,102.54177151132043,23.26460073397586,4.407630832949021,8411.239193083573,,1.0
A,setup_family,OB_BOS,269,68,201,0,0.2527881040892193,0.20458186382677965,0.3079555614792296,0.7531826272068751,-4.294884551765256,-0.18354207486176305,-1155.3239444248538,1073.1348454189526,1671.3440601888444,557.114729654962,1666.3401643986806,51.846498407827696,23.287989234612624,2.226319236302675,22740.89219330855,,1.0
A,setup_family,OB_DIRECT,76,15,61,0,0.19736842105263158,0.12341987279754299,0.3004383497418823,0.8419224019669407,-2.9689468872682765,-0.1268780721054819,-225.639963432389,521.4077160680282,560.2857439831,186.7619355173171,310.8497675360867,80.11733577117408,23.400000000000002,3.423817767998892,8396.052631578947,,1.0
A,setup_family,RANGE,61,12,49,0,0.19672131147540983,0.11627802231427167,0.31309940575507544,0.45724253674897464,-10.20206077645288,-0.43598550326721713,-622.3257073636257,-148.35614238981552,355.47717818105235,118.49238679275787,667.0353319086328,43.68952438636453,23.400000000000002,1.8670736917249797,30732.786885245903,,1.0
A,setup_family,SFP,1529,411,1118,0,0.26880313930673644,0.2471810718031275,0.2915840131757607,0.6418195453559861,-6.083014956693774,-0.2599579041322126,-9300.92986878478,1636.5693572359617,8203.124370418713,2734.3748556020305,9840.366491927987,40.55044299090817,23.226441805051913,1.74587409174694,19438.97972531066,,1.0
A,setup_family,STB_BTS,566,83,483,0,0.14664310954063603,0.1198829441025816,0.1781674279643906,0.4747873817983494,-10.21559778494294,-0.43656400790354444,-5782.028346277704,-1270.9009826811748,3383.345560824524,1127.781802772006,5792.767945713209,62.974704895632065,22.792813359451692,2.762919342272322,19906.5371024735,,1.0
A,month,2026-08,1821,461,1360,0,0.2531576057111477,0.23372034651731177,0.2736341167131654,0.6220133267498219,-6.508837790019507,-0.2781554611119448,-11852.593615625523,2604.019755434359,10842.459950174623,3614.15342088526,12512.608981776339,42.309283465451685,23.056745068528496,1.8350067773964378,25788.30313014827,,1.0
A,month,2026-09,1446,328,1118,0,0.2268326417704011,0.20598781484802184,0.2491250216668143,0.6345501019848746,-6.589945101841746,-0.2816215855487926,-9529.060617263165,640.5917102383302,7627.239226408578,2542.413101092917,10711.608537906126,50.444557778142375,23.322786733894336,2.1628872378630786,21630.70539419087,,1.0
A,session,AMERICAS,1084,291,793,0,0.26845018450184505,0.24292102055056145,0.29561467697267185,0.7055202944715903,-4.9920870110316535,-0.21333705175348947,-5411.422319958312,2585.5015562310473,5997.692829577143,1999.2310466122165,6821.680812351653,44.55255144195208,23.17303252152127,1.9226034141442305,26511.531365313655,,1.0
A,session,ASIA,1052,223,829,0,0.21197718631178708,0.1883502375126264,0.2376999569201038,0.4233738147807483,-10.553012788337384,-0.4509834524930506,-11101.769453330928,-2772.8566612505606,6246.684677246154,2082.2281148342136,11180.122545339716,36.55249065709222,23.224336393079003,1.5738874101042168,21892.30038022814,,1.0
A,session,EUROPE,1131,275,856,0,0.24314765694076038,0.21904331584640463,0.26899089766940726,0.7541535588435173,-4.304564508929663,-0.18395574824485736,-4868.462459599448,3431.966570692203,6225.321669759904,2075.107360531747,5317.334096125647,54.30689724605203,23.13418131105579,2.3474743504365483,23403.44827586207,,1.0
A,weekday,0,488,132,356,0,0.27049180327868855,0.23298548751363873,0.3115832022891835,0.6372408710091455,-6.143996813580747,-0.26256396639233964,-2998.2704450274045,524.4400855434048,2642.0328821949697,880.67764837584,3087.2323451732937,39.90084974452822,23.216805087935757,1.7186193187822412,18692.213114754097,,1.0
A,weekday,1,466,101,365,0,0.2167381974248927,0.1817264744589881,0.2563818596530288,0.604420849190311,-7.196097683844569,-0.3075255420446397,-3353.3815206715694,134.49084118991217,2615.904267361461,871.9680945000213,3575.8467603779936,50.73032397680173,23.22505271870834,2.1842931678659756,17125.10729613734,,1.0
A,weekday,2,479,106,373,0,0.22129436325678498,0.1864184696637484,0.26060498881861044,0.7062687168237002,-5.297820192366908,-0.22640257232337216,-2537.655872143749,1154.1478202751355,2768.8527346897954,922.9509577290887,3738.6623134142787,57.56342549770134,23.16187392734609,2.485266333728681,18430.89770354906,,1.0
A,weekday,3,498,137,361,0,0.2751004016064257,0.23771350146022666,0.3159303913213893,0.8200235944785943,-3.0203708056222975,-0.12907567545394436,-1504.1446611999042,1835.792002378612,2504.9524426101984,834.9842209683179,2666.770527543825,50.02416106936731,23.15084412106157,2.1607920993195076,26968.67469879518,,1.0
A,weekday,4,480,128,352,0,0.26666666666666666,0.2290724790023082,0.3079659539050882,0.5945876519447824,-6.927541570697274,-0.29604878507253307,-3325.2199539346916,-131.0971836410442,2395.5920816532216,798.5306886404258,3976.9178054414883,38.10038127874572,23.301331697767456,1.6351160428481515,30938.75,,1.0
A,weekday,5,430,100,330,0,0.23255813953488372,0.19510263242764708,0.27474978641400494,0.5985008057637218,-7.135097758041029,-0.304918707608591,-3068.0920359576426,424.84999141961504,2619.70650778752,873.2355195897379,3117.1421726807257,45.7349748651622,23.15633188628443,1.9750526590202817,38895.348837209305,,1.0
A,weekday,6,426,85,341,0,0.19953051643192488,0.1643396941068796,0.24009188235771423,0.414606307994073,-10.78612615951579,-0.4609455623724697,-4594.889743953727,-698.0120914929463,2922.6582602860353,974.2193921747453,4876.862498375092,38.28635625192815,23.018269869113254,1.6633029532468104,17140.845070422536,,1.0
A_PLUS,direction,LONG,283,98,185,0,0.3462897526501767,0.2932493849925184,0.40344717917331896,1.1638507786848933,2.5063958336639662,0.10711093306256263,709.3100209269024,1441.7960909432582,549.3645092583994,183.1215607579565,1223.9987065042487,51.41132674415207,23.4,2.197065245476584,70125.79505300353,,1.0
A_PLUS,direction,SHORT,193,49,144,0,0.2538860103626943,0.19769848404529652,0.3196796101369004,0.7808437510634403,-3.8262637120032723,-0.16351554324800308,-738.4688964166315,-227.8144114813504,382.99087053590455,127.66361439937657,786.9018694236283,53.69655313435447,23.400000000000002,2.294724492921131,62348.70466321243,,1.0
A_PLUS,symbol,ADAUSDT,71,22,49,0,0.30985915492957744,0.21439726456263924,0.4248401257094176,1.1710295390465881,2.762006612265044,0.11803447060961725,196.10246947081814,358.36175553227196,121.69445379524102,40.564832266212896,235.6534343337816,61.031930430491734,23.400000000000002,2.608202155149219,49453.52112676056,,1.0
A_PLUS,symbol,AVAXUSDT,55,13,42,0,0.23636363636363636,0.14366655869733186,0.3634836618916773,0.7165356002642128,-5.065251128369666,-0.2164637234346011,-278.58881206033163,-148.2149656557869,97.78038924986038,32.59345715468433,644.6821531934543,54.170091379974494,23.400000000000002,2.3149611700843797,62072.72727272727,,1.0
A_PLUS,symbol,BNBUSDT,36,12,24,0,0.3333333333333333,0.2021461882430531,0.4966600212884348,1.2790878761639874,4.353770868158203,0.18605858410932488,156.7357512536953,259.2491053952954,76.88500782872921,25.62834631287083,330.87244280733904,59.86131260447461,23.400000000000002,2.5581757523279745,174891.66666666666,,1.0
A_PLUS,symbol,BTCUSDT,21,10,11,0,0.47619047619047616,0.2834400610153417,0.6763046541715557,1.338601523080195,4.1502872400401065,0.1773627025658165,87.15603204084223,152.73344292186874,49.183053578767776,16.394357302258726,146.4421839458432,34.45560320408423,23.400000000000002,1.4724616753882147,132100.0,,1.0
A_PLUS,symbol,DOGEUSDT,59,14,45,0,0.23728813559322035,0.14694618592462405,0.3597489070640275,0.6829113996972709,-5.659225357945321,-0.24184723751903078,-333.8942961187739,-180.87535028796046,114.7642147993724,38.25473103144104,333.8942961187739,51.3646931343733,23.4,2.195072356169799,52927.1186440678,,1.0
A_PLUS,symbol,ETHUSDT,40,19,21,0,0.475,0.329354701126789,0.6250263789330753,1.78083898812888,9.59260696916329,0.40994046876766194,383.7042787665316,479.7415060776883,72.02790609112445,24.00932122003224,187.20000000000005,46.05811993508062,23.400000000000002,1.9682957237213938,83985.0,,1.0
A_PLUS,symbol,LINKUSDT,46,10,36,0,0.21739130434782608,0.12260905324562552,0.35573687371578955,0.6736026681812423,-5.97732852878525,-0.2554413901190278,-274.9571123241215,-152.0299406233121,92.19538333650803,30.7317883643014,448.2367713990839,56.744288767587854,23.400000000000002,2.424969605452472,41915.217391304344,,1.0
A_PLUS,symbol,LTCUSDT,45,18,27,0,0.4,0.27024886565009165,0.5454814540964862,1.013413723963058,0.1883286844413359,0.008048234377834864,8.474790799860116,140.259292379464,98.8383719769274,32.946129602676464,204.88880957647007,35.57082171110334,23.400000000000002,1.5201205859445872,40246.666666666664,,1.0
A_PLUS,symbol,SOLUSDT,46,14,32,0,0.30434782608695654,0.1907984080276724,0.4480564644840765,1.3405442674712962,5.543468423532753,0.2369003599800321,254.9995474825066,378.4037462378228,92.55313771437729,30.851061040938895,280.8,71.69996767732191,23.400000000000002,3.0641011827915343,75013.04347826086,,1.0
A_PLUS,symbol,XRPUSDT,57,15,42,0,0.2631578947368421,0.16645786597973072,0.3897657926348382,0.7671026406178714,-4.015640785978177,-0.17160858059735803,-228.89152480075612,-73.6469125154439,116.43346142339595,38.81115086191626,390.5575189705637,50.260565013282935,23.400000000000002,2.1478873937300396,38800.0,,1.0
A_PLUS,mapping,15/5,139,50,89,0,0.3597122302158273,0.2846925647743821,0.44227745974100807,1.15853883625353,2.3753451826014507,0.10151047788895087,330.17298038160163,724.6303108323249,295.84297609913926,98.61435435158394,394.06253237492274,48.25545960763204,23.400000000000006,2.0621991285312835,52094.24460431655,,1.0
A_PLUS,mapping,240/15,52,16,36,0,0.3076923076923077,0.1991472794928904,0.4426958882470567,0.9120484641706323,-1.4248148804357545,-0.06088952480494679,-74.09037378265924,45.309538811441804,89.54993308629321,29.84997950780784,362.28091672163976,48.0193516385838,23.400000000000002,2.052109044383923,96490.38461538461,,1.0
A_PLUS,mapping,240/5,114,26,88,0,0.22807017543859648,0.16066092236491547,0.31320845586182294,0.7051796937058453,-5.3253857431659934,-0.22758058731478603,-607.0939747209233,-308.83757523661734,223.692308878364,74.56409060594194,1019.4414388327584,55.85023174150296,23.400000000000002,2.386762040235169,45363.15789473684,,1.0
A_PLUS,mapping,240/60,8,2,6,0,0.25,0.071479212752109,0.5907245696898311,0.38288136352369206,-10.830432070159205,-0.46283897735723095,-86.64345656127364,-72.50359473367716,10.604898545805383,3.5349632817911036,127.4770730132962,26.878271719363184,23.400000000000002,1.1486440905710762,84000.0,,1.0
A_PLUS,mapping,60/15,39,12,27,0,0.3076923076923077,0.18565932306911137,0.4642125437414931,0.8444524377062103,-2.5198705091593947,-0.10768677389570062,-98.2749498572164,-13.162711860759325,63.834178892226326,21.278059104230742,325.10692123658816,44.46042084523197,23.400000000000002,1.900017984838973,65307.692307692305,,1.0
A_PLUS,mapping,60/5,124,41,83,0,0.33064516129032256,0.25402587402462923,0.4174422053649551,1.2609262172025237,4.086862089118885,0.17465222603072153,506.7708990507417,838.545711649195,248.8310842924757,82.94372830597752,505.78074172256237,59.73099753782297,23.400000000000002,2.552606732385597,90563.70967741935,,1.0
A_PLUS,HTF,15,139,50,89,0,0.3597122302158273,0.2846925647743821,0.44227745974100807,1.15853883625353,2.3753451826014507,0.10151047788895087,330.17298038160163,724.6303108323249,295.84297609913926,98.61435435158394,394.06253237492274,48.25545960763204,23.400000000000006,2.0621991285312835,52094.24460431655,,1.0
A_PLUS,HTF,240,174,44,130,0,0.25287356321839083,0.194106700915663,0.32231651912377596,0.7475911225953793,-4.41280347738423,-0.18858134518736028,-767.8278050648561,-336.0316311588527,323.84714051046257,107.94903339554088,1194.3647084580637,51.685731703071454,23.400000000000002,2.2087919531227116,62418.96551724138,,1.0
A_PLUS,HTF,60,163,53,110,0,0.32515337423312884,0.257985994695361,0.4003723030389068,1.1587008349625194,2.5061101177516893,0.10709872298084137,408.49594919352535,825.3829997884357,312.66526318470204,104.22178741020825,615.0032061003876,56.27350847534954,23.400000000000006,2.4048507895448514,84520.85889570552,,1.0
A_PLUS,LTF,15,91,28,63,0,0.3076923076923077,0.22226810686646445,0.4086949715677203,0.883078738543023,-1.8941244356030291,-0.08094548870098414,-172.36532363987564,32.14682695068248,153.38411197851954,51.12803861203859,687.3878379582279,46.494095584290164,23.400000000000002,1.9869271617218016,83126.37362637362,,1.0
A_PLUS,LTF,5,377,117,260,0,0.3103448275862069,0.2657547228520562,0.35876094715191115,1.0377794057711078,0.6096814448578783,0.026054762600764014,229.84990471142015,1254.3384472449025,768.366369269979,256.1221732635034,976.8571744111547,53.964529100097614,23.400000000000002,2.3061764572691286,62711.936339522545,,1.0
A_PLUS,LTF,60,8,2,6,0,0.25,0.071479212752109,0.5907245696898311,0.38288136352369206,-10.830432070159205,-0.46283897735723095,-86.64345656127364,-72.50359473367716,10.604898545805383,3.5349632817911036,127.4770730132962,26.878271719363184,23.400000000000002,1.1486440905710762,84000.0,,1.0
A_PLUS,setup_family,BREAKER,209,78,131,0,0.37320574162679426,0.3104773464989045,0.44051101688828104,1.167539062041673,2.4572930180982997,0.10501252214095294,513.5742407825446,1035.7111267444366,391.60263340009703,130.53425256179483,878.7544123580498,45.88428513823775,23.400000000000002,1.9608668862494762,78177.99043062201,,1.0
A_PLUS,setup_family,DEMAND_SUPPLY,3,0,3,0,0.0,5.551115123125783e-17,0.5614970317550454,0.0,-23.400000000000006,-1.0,-70.20000000000002,-62.45512790157471,5.808655947472785,1.9362161509525186,70.20000000000002,,23.400000000000006,,134400.0,,1.0
A_PLUS,setup_family,OB_BOS,28,11,17,0,0.39285714285714285,0.2356568654157959,0.5759095570340281,1.5340226556871923,7.586936158298751,0.32422804095293806,212.43421243236503,299.92920625092484,65.62123636604419,21.873757452515672,117.0,55.47583749385137,23.400000000000002,2.3707622860620243,120032.14285714286,,1.0
A_PLUS,setup_family,OB_DIRECT,1,0,1,0,0.0,0.0,0.7934506856227626,0.0,-23.400000000000006,-1.0000000000000002,-23.400000000000006,-20.88080369892203,1.889397852232642,0.6297984488453312,23.400000000000006,,23.400000000000006,,3600.0,,1.0
A_PLUS,setup_family,RANGE,6,0,6,0,0.0,2.7755575615628914e-17,0.3903342879021653,0.0,-23.400000000000002,-1.0,-140.4,-111.24513259552023,21.86615389071458,7.2887135137652015,140.4,,23.400000000000002,,3250.0,,1.0
A_PLUS,setup_family,SFP,186,50,136,0,0.26881720430107525,0.21025612404175664,0.3367342934664268,0.8724564141414586,-2.1822296109474344,-0.09325767568151429,-405.8947076362228,58.55172928551873,348.33482593476515,116.11161098697639,672.9591036369976,55.53010584727556,23.400000000000002,2.3730814464647674,50600.0,,1.0
A_PLUS,setup_family,STB_BTS,43,8,35,0,0.18604651162790697,0.09741751428996226,0.32617003657274385,0.859251988927453,-2.680758629498045,-0.11456233459393357,-115.27262106841594,14.370681377044733,97.23247640297755,32.41082604248314,340.7204390590645,87.96592236644801,23.400000000000002,3.759227451557607,54439.53488372093,,1.0
A_PLUS,month,2026-08,234,80,154,0,0.3418803418803419,0.2840972605230482,0.40477111269111155,1.1601370675518439,2.4661108402983993,0.10538935214950422,577.0699366298254,1181.8491234705873,453.58435467510856,151.19483216565337,496.64378926533095,52.25837420787282,23.400000000000002,2.2332638550372996,75408.97435897436,,1.0
A_PLUS,month,2026-09,242,67,175,0,0.2768595041322314,0.22430550954502723,0.33638697691320507,0.8519587760391808,-2.5050777360312173,-0.10705460410389818,-606.2288121195546,32.13255599132046,478.7710251191954,159.59034299167973,1140.1472574046684,52.071211759409636,23.400000000000002,2.2252654598038304,58814.87603305785,,1.0
A_PLUS,session,AMERICAS,161,58,103,0,0.36024844720496896,0.2901467856975597,0.43686363800326045,1.074305720836373,1.1123704867069995,0.04753720028662388,179.0916483598269,595.1452641836435,312.04019401351377,104.01342181030287,364.28430877470885,44.64295945447977,23.400000000000002,1.907818780105973,79058.3850931677,,1.0
A_PLUS,session,ASIA,131,27,104,0,0.20610687022900764,0.1456927495161705,0.28326626150735307,0.5903954773096196,-7.609263865796256,-0.3251822164870195,-996.8135664193096,-651.2764350350733,259.1528680764789,86.38426330775744,1034.6513323807853,53.21431235484039,23.400000000000002,2.2741159126000166,62837.40458015267,,1.0
A_PLUS,session,EUROPE,184,62,122,0,0.33695652173913043,0.2726143245021751,0.4079673725486683,1.2762235682253587,4.285668709618226,0.18314823545377032,788.5630425697535,1270.1128503133377,361.16231770431125,120.38749003927278,744.2960379951659,58.76392004144764,23.400000000000002,2.5112786342498987,59341.30434782609,,1.0
A_PLUS,weekday,0,71,22,49,0,0.30985915492957744,0.21439726456263924,0.4248401257094176,1.1988273083882832,3.2109210112395172,0.13721884663416736,227.97539179800572,431.52064825769537,152.65892939915003,50.88632706053962,373.3830598826451,62.48069962718208,23.400000000000002,2.6701153686829944,45709.859154929574,,1.0
A_PLUS,weekday,1,69,14,55,0,0.2028985507246377,0.12489333067903491,0.31224040244779294,0.6483940809983606,-6.55821475007406,-0.28026558761000253,-452.51681775511014,-254.07081313722412,148.8345110855432,49.61149353234284,796.4618995764895,59.605941588920714,23.4,2.547262461064988,51491.30434782609,,1.0
A_PLUS,weekday,2,67,13,54,0,0.19402985074626866,0.1170517391641159,0.3041911222544419,0.46348912787316954,-10.11843489581288,-0.4324117476843111,-677.935138019463,-498.1570150101559,134.833607201695,44.944515807612156,677.9351380194622,45.051143229272085,23.400000000000002,1.9252625311654736,50937.31343283582,,1.0
A_PLUS,weekday,3,85,41,44,0,0.4823529411764706,0.3792074367906816,0.587024544990991,2.0162803438595915,12.310144023974539,0.5260745309390829,1046.3622420378358,1262.6884798761153,162.24464049805988,54.08159734021962,260.0509499089402,50.63322541555697,23.400000000000002,2.163813051946879,56597.64705882353,,1.0
A_PLUS,weekday,4,80,29,51,0,0.3625,0.2657079306444915,0.4718920549777783,1.116222807426304,1.7337537297818884,0.07409203973426871,138.70029838255107,319.6694707004768,135.72686964836467,45.24230266956103,498.76724407772986,45.93449304767418,23.400000000000002,1.9630125234048794,73211.25,,1.0
A_PLUS,weekday,5,57,17,40,0,0.2982456140350877,0.19532550074818086,0.42664280103459995,0.9752951722722455,-0.4056792763715477,-0.017336721212459324,-23.12371875317822,97.8650855091825,90.74160026082106,30.24720400153968,288.432231812257,53.698604779224816,23.400000000000002,2.2948121700523423,151357.8947368421,,1.0
A_PLUS,weekday,6,47,11,36,0,0.23404255319148937,0.13603274586227188,0.37224257550155593,0.6573823205361226,-6.140875174050434,-0.26243056299360834,-288.6211331803704,-145.53417673418215,107.31522170067011,35.77173474551814,381.2505676365871,50.34353334723906,23.400000000000002,2.15143304902731,50482.97872340425,,1.0
BEST_DETERMINISTIC,direction,LONG,143,63,80,0,0.4405594405594406,0.36180170918312066,0.5224271718391086,1.1092703384040516,1.4304480663803105,0.0611302592470218,204.55407349238442,553.6770775787055,261.84223645443586,87.28076763188533,527.7673516528439,32.96117576972039,23.400000000000002,1.408597255116256,49674.12587412587,,1.0
BEST_DETERMINISTIC,direction,SHORT,154,53,101,0,0.34415584415584416,0.2737351161075908,0.4221622713175509,0.7328509089438244,-4.09987118053354,-0.17520817010827097,-631.3801618021653,-272.5452764942782,269.1261721572818,89.70871315060522,896.162144869602,32.679619588638396,23.400000000000002,1.3965649396854014,49044.155844155845,,1.0
BEST_DETERMINISTIC,symbol,ADAUSDT,55,17,38,0,0.3090909090909091,0.20282287885116462,0.44028590157535924,0.7517793294018705,-4.013051278106488,-0.1714979178677986,-220.71782029585682,-94.81821136048244,94.42470954607944,31.474899389295004,263.24208454391504,39.32248115906725,23.400000000000002,1.6804479127806515,44252.72727272727,,1.0
BEST_DETERMINISTIC,symbol,AVAXUSDT,28,7,21,0,0.25,0.12676494919293316,0.4335567031899896,0.4254998607970363,-10.082477443012014,-0.4308751044022228,-282.3093684043364,-211.43307309172306,53.15722782745404,17.719067485159307,431.2372869085933,29.87009022795195,23.400000000000002,1.2764995823911087,50400.0,,1.0
BEST_DETERMINISTIC,symbol,BNBUSDT,16,10,6,0,0.625,0.38641040545502714,0.8151876744113636,0.7438808158977988,-2.247445840496816,-0.09604469403832547,-35.95913344794906,4.858919604554284,30.613539643611006,10.204513408892343,69.49263006111246,10.444086655205094,23.400000000000002,0.4463284895386792,39843.75,,1.0
BEST_DETERMINISTIC,symbol,BTCUSDT,14,5,9,0,0.35714285714285715,0.1634473175355414,0.612355768960926,0.6016327218739468,-5.992582055239057,-0.25609325022389134,-83.89614877334681,-46.10191294022811,28.34567825789711,9.448557575221589,133.07124010062702,25.340770245330642,23.400000000000002,1.0829388993731042,79757.14285714286,,1.0
BEST_DETERMINISTIC,symbol,DOGEUSDT,32,8,24,0,0.25,0.1325240091850904,0.4210655899424448,0.5861791827209941,-7.262555343246554,-0.3103656129592544,-232.40177098388972,-158.90467441041497,55.12282719724798,18.374269376226756,257.40000000000003,41.14977862701379,23.400000000000002,1.7585375481629821,58893.75,,1.0
BEST_DETERMINISTIC,symbol,ETHUSDT,24,14,10,0,0.5833333333333334,0.3883466586522876,0.7553239739018824,2.4210754676680826,13.855485809763806,0.5921147781950343,332.53165943433135,387.8815719265585,41.51242273272413,13.837489759503018,140.40000000000003,40.46654710245224,23.400000000000002,1.729339619762916,56300.0,,1.0
BEST_DETERMINISTIC,symbol,LINKUSDT,31,14,17,0,0.45161290322580644,0.29161735980520015,0.6222783236264549,0.961044641769084,-0.4998852098147866,-0.021362615804050727,-15.496441504258385,58.94185519678361,55.82872075752784,18.609575943514166,202.02782413504116,27.307397035410116,23.400000000000002,1.1669827792910306,31267.74193548387,,1.0
BEST_DETERMINISTIC,symbol,LTCUSDT,29,14,15,0,0.4827586206896552,0.3138609015268349,0.6556897811800528,1.0362703154949728,0.43899588754260316,0.018760508014641155,12.730880738735491,85.63162966874688,54.675559128561225,18.225189801450146,146.9172403072313,25.98077719562397,23.400000000000002,1.110289623744614,37344.8275862069,,1.0
BEST_DETERMINISTIC,symbol,SOLUSDT,28,10,18,0,0.35714285714285715,0.2070582950773768,0.5416969348557219,1.3632794682021063,5.464761143097403,0.23353680098706844,153.01331200672726,218.35531018148734,49.006492080412585,16.335506094347526,140.40000000000003,57.421331200672725,23.400000000000002,2.4539030427637916,73928.57142857143,,1.0
BEST_DETERMINISTIC,symbol,XRPUSDT,40,17,23,0,0.425,0.28509392559950375,0.5780493145800892,0.8990686416203312,-1.3580314269984446,-0.05803553106830963,-54.32125707993779,36.720386309145276,68.28123144020238,22.76041194888069,195.7254744327033,28.463455465886017,23.400000000000002,1.2163869857216245,42472.5,,1.0
BEST_DETERMINISTIC,mapping,15/5,84,40,44,0,0.47619047619047616,0.3727844721560723,0.5816789434827211,1.0914742879132484,1.1212134147081034,0.047915103192653984,94.18192683548068,299.5044510211782,153.99188415414346,51.330640031554125,258.2701396609755,28.09454817088702,23.400000000000002,1.2006217167045734,43600.0,,1.0
BEST_DETERMINISTIC,mapping,240/15,27,12,15,0,0.4444444444444444,0.27585858177023004,0.6268697548677552,1.2601550595031805,3.382015773541347,0.14453058861287807,91.31442588561637,158.3800683984263,50.29922713320735,16.766415379602563,105.59227407481565,36.85953549046803,23.400000000000002,1.5751938243789756,95677.77777777778,,1.0
BEST_DETERMINISTIC,mapping,240/5,80,21,59,0,0.2625,0.1785740148850936,0.36818959664428175,0.4944902337153988,-8.723834791656506,-0.3728134526348934,-697.9067833325205,-518.6230215682601,134.46283688189038,44.82092488237,773.8476303894341,32.50920079368951,23.400000000000002,1.3892820852004062,44415.0,,1.0
BEST_DETERMINISTIC,mapping,240/60,0,0,0,0,,,,,,,0.0,0.0,0.0,0.0,0.0,,,,,,1.0
BEST_DETERMINISTIC,mapping,60/15,19,6,13,0,0.3157894736842105,0.1536437908779228,0.5398959232467253,1.0262552255782809,0.4203599800480548,0.01796410171145532,7.986839620913042,52.016783327890224,33.02245621973012,11.007487487247058,107.18759819095031,52.031139936818846,23.400000000000002,2.223552988752942,32305.263157894737,,1.0
BEST_DETERMINISTIC,mapping,60/5,87,37,50,0,0.42528735632183906,0.32673240969978695,0.5301611258205987,1.0663226518638715,0.891925318169305,0.03811646658843181,77.59750268072953,289.85351990519274,159.1920042227464,53.064013001716795,277.154714196621,33.7188514238035,23.4,1.4409765565727992,48775.862068965514,,1.0
BEST_DETERMINISTIC,HTF,15,84,40,44,0,0.47619047619047616,0.3727844721560723,0.5816789434827211,1.0914742879132484,1.1212134147081034,0.047915103192653984,94.18192683548068,299.5044510211782,153.99188415414346,51.330640031554125,258.2701396609755,28.09454817088702,23.400000000000002,1.2006217167045734,43600.0,,1.0
BEST_DETERMINISTIC,HTF,240,107,33,74,0,0.308411214953271,0.22881739747870233,0.4012849086780145,0.6496925632669762,-5.6690874527748045,-0.24226869456302583,-606.5923574469041,-360.24295316983387,184.76206401509774,61.587340261972564,770.0905852661332,34.091140683427156,23.400000000000002,1.4568863539926133,57350.46728971963,,1.0
BEST_DETERMINISTIC,HTF,60,106,43,63,0,0.4056603773584906,0.31707488137537543,0.5008445070347137,1.0580547702493845,0.8073994556758733,0.03450425024255867,85.58434230164258,341.87030323308295,192.2144604424765,64.07150048896385,275.3412558328213,36.274054472131226,23.400000000000002,1.550173268039796,45823.58490566038,,1.0
BEST_DETERMINISTIC,LTF,15,46,18,28,0,0.391304347826087,0.26393225037829016,0.5354315676837925,1.1515587080380487,2.1587231631854222,0.09225312663185563,99.30126550652942,210.3968517263165,83.32168335293747,27.77390286684962,185.9551658289372,41.91673697258497,23.400000000000002,1.7913135458369644,69502.17391304347,,1.0
BEST_DETERMINISTIC,LTF,5,251,98,153,0,0.3904382470119522,0.3321709710773429,0.45200857233557606,0.8530452617685296,-2.09612491560283,-0.08957798784627478,-526.1273538163103,70.73494935811081,447.64672525878024,149.21557791564092,643.375862224364,31.16400659371112,23.400000000000002,1.3317951535773982,45653.78486055777,,1.0
BEST_DETERMINISTIC,LTF,60,0,0,0,0,,,,,,,0.0,0.0,0.0,0.0,0.0,,,,,,1.0
BEST_DETERMINISTIC,setup_family,BREAKER,1,0,1,0,0.0,0.0,0.7934506856227626,0.0,-23.400000000000002,-1.0,-23.400000000000002,-21.163737181431422,1.6771977488386636,0.5590650697299184,23.400000000000002,,23.400000000000002,,142800.0,,1.0
BEST_DETERMINISTIC,setup_family,DEMAND_SUPPLY,0,0,0,0,,,,,,,0.0,0.0,0.0,0.0,0.0,,,,,,1.0
BEST_DETERMINISTIC,setup_family,OB_BOS,7,1,6,0,0.14285714285714285,0.02567962434474355,0.5131278292743189,0.4632553931616091,-10.765563257158584,-0.46006680586147786,-75.35894280011009,-57.38341019909265,13.481651172265778,4.493881428751667,93.6,65.04105719988992,23.400000000000002,2.7795323589696546,80057.14285714286,,1.0
BEST_DETERMINISTIC,setup_family,OB_DIRECT,0,0,0,0,,,,,,,0.0,0.0,0.0,0.0,0.0,,,,,,1.0
BEST_DETERMINISTIC,setup_family,RANGE,0,0,0,0,,,,,,,0.0,0.0,0.0,0.0,0.0,,,,,,1.0
BEST_DETERMINISTIC,setup_family,SFP,278,113,165,0,0.4064748201438849,0.3503921715940326,0.46510693837515726,0.8850020428111006,-1.597147887432879,-0.06825418322362731,-444.00711270634037,213.51857768391807,493.144261387151,164.38142900310746,701.3517786826865,30.23887510879345,23.400000000000002,1.292259620033908,48651.79856115108,,1.0
BEST_DETERMINISTIC,setup_family,STB_BTS,11,2,9,0,0.18181818181818182,0.05136768974608513,0.4769805619608442,1.5505221614276807,10.53999701787905,0.4504272229862842,115.93996719666956,146.16037078103332,22.66529830346228,7.555105280901506,93.60000000000001,163.2699835983348,23.400000000000002,6.977349726424563,38890.90909090909,,1.0
BEST_DETERMINISTIC,month,2026-08,159,65,94,0,0.4088050314465409,0.3354183722021749,0.4864943015725542,1.0118328161465129,0.16369473204949825,0.0069955013696366645,26.027462395870224,401.47761832134637,281.58760489978613,93.86255102569012,617.8667285379381,34.240422498398004,23.400000000000002,1.4632659187349573,52326.41509433962,,1.0
BEST_DETERMINISTIC,month,2026-09,138,51,87,0,0.3695652173913043,0.29358420242902833,0.4526113013445993,0.7775549903204386,-3.28154746888153,-0.1402370713197235,-452.8535507056511,-120.34581723691907,249.3808037119316,83.12692975680042,452.8535507056502,31.038165672438218,23.400000000000002,1.3264173364289835,45915.217391304344,,1.0
BEST_DETERMINISTIC,session,AMERICAS,106,42,64,0,0.39622641509433965,0.30831473858285496,0.4913965886682431,0.6303246518219214,-5.222884919165004,-0.22320021022072664,-553.6258014314905,-298.4439357928163,191.3864081823291,63.795457456345055,563.7415159589542,22.47557615639309,23.400000000000002,0.9604947075381661,46225.47169811321,,1.0
BEST_DETERMINISTIC,session,ASIA,96,36,60,0,0.375,0.2847260813834063,0.47489281558101265,0.7381742649183517,-3.8292013755691077,-0.16364108442603026,-367.60333205463434,-142.41725478989963,168.88956222107424,56.29651504366051,595.1503978507214,28.788796331815718,23.4,1.2302904415305862,49571.875,,1.0
BEST_DETERMINISTIC,session,EUROPE,95,38,57,0,0.4,0.30722899926062935,0.5005439714472653,1.3706725484902862,5.20424258080362,0.22240352909417177,494.40304517634394,721.9929916671433,170.69243820831437,56.897508282484985,227.90001373100074,48.11060645200905,23.400000000000002,2.0560088227354294,52604.21052631579,,1.0
BEST_DETERMINISTIC,weekday,0,51,27,24,0,0.5294117647058824,0.39523304210096466,0.6594700979050041,2.0993309554571944,12.10557381538746,0.5173322143327974,617.3842645847604,748.7158966318725,98.49870157385952,32.832930473252546,130.41866616788786,43.66608387350965,23.400000000000002,1.8660719604063951,35035.294117647056,,1.0
BEST_DETERMINISTIC,weekday,1,47,15,32,0,0.3191489361702128,0.2039537874963744,0.46167343103102854,0.4508029303428215,-8.749760973602028,-0.37392140912829175,-411.2387657592953,-293.03400974555814,88.65357580132537,29.551180212411793,530.4221829339958,22.50408228271365,23.400000000000002,0.9617129180646858,31155.31914893617,,1.0
BEST_DETERMINISTIC,weekday,2,40,12,28,0,0.3,0.18074845229746528,0.45430018818144935,0.5915406457022157,-6.690564223397708,-0.28592154800844904,-267.6225689359083,-166.89335032130117,75.54691896775812,25.18229964684903,295.38429876572866,32.29811925534098,23.400000000000002,1.3802615066385033,41707.5,,1.0
BEST_DETERMINISTIC,weekday,3,49,15,34,0,0.30612244897959184,0.19515491268006566,0.44527893558910636,0.6534349306965187,-5.627085084445913,-0.24047372155751767,-275.7271691378497,-156.1864006824118,89.6555810271736,29.88518742826439,411.23544948208735,34.65818872414335,23.400000000000002,1.481119176245442,43004.08163265306,,1.0
BEST_DETERMINISTIC,weekday,4,57,27,30,0,0.47368421052631576,0.3498716798112528,0.6008198378125881,1.1224523402147757,1.508097242645131,0.06444860011303977,85.96154283077246,202.38836760153177,87.32011250642134,29.10671226433797,209.83500387505046,29.183760845584167,23.4,1.2471692669053063,70831.57894736843,,1.0
BEST_DETERMINISTIC,weekday,5,33,11,22,0,0.3333333333333333,0.19750227679220683,0.5039210557219438,0.525230294093538,-7.4064074121408074,-0.31651313727097463,-244.41144460064663,-174.50637435884744,52.42880791654196,17.47626232525723,275.8736569313731,24.580777763577586,23.400000000000002,1.0504605881870763,67954.54545454546,,1.0
BEST_DETERMINISTIC,weekday,6,20,9,11,0,0.45,0.2581978582556243,0.6579146575496577,1.2673972521693326,3.441402635419312,0.14706848869313294,68.82805270838624,120.64767195914162,38.8647108186378,12.954908432117588,93.6,36.24756141204292,23.400000000000002,1.54904108598474,67485.0,,1.0
BEST_META,direction,LONG,174,127,47,0,0.7298850574712644,0.6594728774648294,0.7903659876147625,1.2341305027566118,1.4798662467340333,0.0632421472963262,257.4967269317218,662.8096324476119,303.9846592526377,101.32824626325237,247.26886933819372,10.687375802611983,23.400000000000002,0.4567254616500847,42139.65517241379,,1.0
BEST_META,direction,SHORT,123,74,49,0,0.6016260162601627,0.5132952597179768,0.6838011804557408,0.7792051279404238,-2.0163725769747356,-0.08616976824678356,-248.01382696789247,92.62436054632144,255.47863785693502,85.15954965727886,334.56214486960226,11.827882275234328,22.924022761943526,0.5159601522848752,29197.560975609755,,1.0
BEST_META,symbol,ADAUSDT,28,14,14,0,0.5,0.32633127457293465,0.6736687254270654,0.5884667556844089,-4.814938958492417,-0.20576662215779556,-134.81829083778766,-72.42689992731675,46.79354535566129,15.597845554809615,161.48498012158407,13.770122083015169,23.400000000000002,0.5884667556844089,48675.0,,1.0
BEST_META,symbol,AVAXUSDT,22,10,12,0,0.45454545454545453,0.2692029418081331,0.6534020467926505,0.39162403015567454,-7.765089651467574,-0.33184143809690486,-170.83197233228663,-116.76720719786286,40.548577353836166,13.516187780587575,211.30734176872295,10.996802766771342,23.400000000000002,0.46994883618680944,20877.272727272728,,1.0
BEST_META,symbol,BNBUSDT,23,17,6,0,0.7391304347826086,0.5352999516257462,0.8745138395501366,1.1939202072401653,1.1837563955008346,0.0505878801496083,27.226397096519193,91.52001143796097,48.22020801048249,16.073406330959294,82.49513809143932,9.860376299795249,23.400000000000002,0.42138360255535245,39756.52173913043,,1.0
BEST_META,symbol,BTCUSDT,27,16,11,0,0.5925925925925926,0.4072670096806468,0.7548524292560443,0.7068159539922757,-2.7950212386069717,-0.11944535207722103,-75.46557344238823,14.592807484308063,67.54378525723972,22.5145956694566,114.95331886449559,11.370901659850738,23.400000000000002,0.4859359683696896,40044.444444444445,,1.0
BEST_META,symbol,DOGEUSDT,27,21,6,0,0.7777777777777778,0.5924307113336742,0.8939276054763996,1.6195832620062365,3.2218329624324293,0.1376851693347192,86.98948998567559,143.21479254617014,42.16897262392847,14.056329936566115,78.39239138828448,10.828070951698837,23.400000000000002,0.46273807485892465,48955.555555555555,,1.0
BEST_META,symbol,ETHUSDT,28,19,9,0,0.6785714285714286,0.49338843180857617,0.8206675307750504,1.1846011476028857,1.3884643458988488,0.05933608315807044,38.87700168516777,109.47386498314471,52.947644189267926,17.64921910870902,119.98660333364498,13.130368509745672,23.400000000000002,0.5611268593908406,35325.0,,1.0
BEST_META,symbol,LINKUSDT,31,28,3,0,0.9032258064516129,0.7510006155660716,0.9665353558368026,3.6073608423177737,5.904410681635732,0.2523252428049458,183.0367311307077,246.9647979257054,47.94604268730551,15.98202410769217,23.400000000000006,9.044168968953846,23.400000000000002,0.38650294739118995,38458.06451612903,,1.0
BEST_META,symbol,LTCUSDT,39,28,11,0,0.717948717948718,0.5622468051697918,0.8345650791115233,1.333352769576789,2.000775761321675,0.08550323766331944,78.03025469154532,180.45846027842714,76.82114877640905,25.607056810472788,70.2,11.146691786670646,21.279737757748432,0.5238171594765957,25361.53846153846,,1.0
BEST_META,symbol,SOLUSDT,34,22,12,0,0.6470588235294118,0.47913963119781733,0.785120794051205,1.0173159358121624,0.14300925811927181,0.006111506757233821,4.862314776055242,88.87237717613175,63.00754413388745,21.002518266189036,72.35926838441972,12.984650671638876,23.400000000000006,0.5548996013520886,28314.70588235294,,1.0
BEST_META,symbol,XRPUSDT,38,26,12,0,0.6842105263157895,0.5254424010939046,0.8091539632440382,0.8987768775307016,-0.7479855997204993,-0.03196519656925211,-28.423452789378974,69.53098828726473,73.4658287215547,24.488612355089003,143.89158138633977,9.70679027733158,23.400000000000006,0.41482009732186226,43444.73684210526,,1.0
BEST_META,mapping,15/5,143,92,51,0,0.6433566433566433,0.5620397199259571,0.717172978785137,0.8137685506395105,-1.5238122870798685,-0.06512018320854139,-217.9051570524212,183.73500698620978,301.23011751693053,100.41004652170042,300.99992711170853,10.349695198726215,22.942688535984956,0.45111082698494603,28239.86013986014,,1.0
BEST_META,mapping,240/15,13,10,3,0,0.7692307692307693,0.49743624053272495,0.9182047128150143,1.9116878156876858,4.923114204713501,0.21038949592792744,64.00048466127552,89.97078275053252,19.477720867819574,6.492577221437419,70.2,13.420048466127554,23.400000000000002,0.5735063447063057,109038.46153846153,,1.0
BEST_META,mapping,240/5,35,21,14,0,0.6,0.435727090128925,0.7444927114061941,0.6937261195017379,-2.8667235214637343,-0.12250955219930487,-100.3353232512307,-30.890021952430704,52.08397690080115,17.361324397998846,114.5022510341368,10.822127464227112,23.400000000000002,0.46248407966782523,45334.28571428572,,1.0
BEST_META,mapping,240/60,4,4,0,0,1.0,0.5101091635454027,1.0,,13.679012029824912,0.5845731636677313,54.71604811929965,59.01945938325929,3.227556677386149,1.07585458657349,0.0,13.679012029824912,,,34650.0,,1.0
BEST_META,mapping,60/15,27,17,10,0,0.6296296296296297,0.4422923441210239,0.784674870390344,0.8646512486959094,-1.173022511302119,-0.05012916714966322,-31.671607805157215,22.014297454244414,40.264428284123255,13.42147697527837,124.95307648794645,11.9016701291084,23.4,0.5086183815858291,35777.77777777778,,1.0
BEST_META,mapping,60/5,75,57,18,0,0.76,0.6522123385089702,0.8424512633999708,1.5714113373505776,3.2090460705608437,0.1371387209641386,240.67845529206326,431.584468372118,143.17949686251208,47.72651621754266,88.9981222465278,11.611902724422164,23.400000000000002,0.49623515916334027,37020.0,,1.0
BEST_META,HTF,15,143,92,51,0,0.6433566433566433,0.5620397199259571,0.717172978785137,0.8137685506395105,-1.5238122870798685,-0.06512018320854139,-217.9051570524212,183.73500698620978,301.23011751693053,100.41004652170042,300.99992711170853,10.349695198726215,22.942688535984956,0.45111082698494603,28239.86013986014,,1.0
BEST_META,HTF,240,52,35,17,0,0.6730769230769231,0.5375618936197395,0.7847792554143083,1.046207163221077,0.3534847986412399,0.015106187976121361,18.381209529344474,118.10022018136111,74.78925444600686,24.929756206009756,111.03764937288939,11.890891700838415,23.400000000000006,0.5081577649930945,60438.46153846154,,1.0
BEST_META,HTF,60,102,74,28,0,0.7254901960784313,0.6318943708450752,0.8027179305398532,1.3189970199739103,2.049086740067706,0.0875678094046028,209.00684748690603,453.5987658263624,183.44392514663534,61.14799319282103,103.36996346385537,11.678470911985217,23.400000000000002,0.4990799535036417,36691.17647058824,,1.0
BEST_META,LTF,15,40,27,13,0,0.675,0.5201774618987768,0.799154977682173,1.1062750718478578,0.8082219214029578,0.03453939835055374,32.32887685611831,111.98508020477693,59.742149151942826,19.91405419671579,113.68807021315308,12.464032476152532,23.400000000000002,0.5326509605193389,59587.5,,1.0
BEST_META,LTF,5,253,170,83,0,0.6719367588932806,0.6118882421485291,0.7268421185941124,0.9595794726031539,-0.3065692688205085,-0.013101250804295238,-77.56202501158864,584.4294534058971,496.4935912802438,165.49788713724195,327.7245435549676,10.831265237197908,23.11900138958112,0.46850056603565754,33207.50988142293,,1.0
BEST_META,LTF,60,4,4,0,0,1.0,0.5101091635454027,1.0,,13.679012029824912,0.5845731636677313,54.71604811929965,59.01945938325929,3.227556677386149,1.07585458657349,0.0,13.679012029824912,,,34650.0,,1.0
BEST_META,setup_family,BREAKER,101,78,23,0,0.7722772277227723,0.6814098987582484,0.8431917294398499,1.6769828861006546,3.607447418805666,0.15416441960707974,364.3521892993723,557.6685618475486,144.98726268107828,48.32910986709802,111.99546051858582,11.571181914094517,23.400000000000002,0.4944949535937827,46194.05940594059,,1.0
BEST_META,setup_family,DEMAND_SUPPLY,0,0,0,0,,,,,,,0.0,0.0,0.0,0.0,0.0,,,,,,1.0
BEST_META,setup_family,OB_BOS,31,22,9,0,0.7096774193548387,0.5340767066925007,0.8390419984369939,0.9157953524248805,-0.5720483477200052,-0.02444651058632501,-17.73349877932016,61.868446592946725,59.70145717314805,19.900488199118836,85.33550621751529,8.766659146394538,23.400000000000002,0.3746435532647238,21387.09677419355,,1.0
BEST_META,setup_family,OB_DIRECT,0,0,0,0,,,,,,,0.0,0.0,0.0,0.0,0.0,,,,,,1.0
BEST_META,setup_family,RANGE,3,1,2,0,0.3333333333333333,0.06149194472039621,0.7923403991979522,0.20652017301257758,-12.37828530100379,-0.5289865513249482,-37.13485590301137,-29.976799309690556,5.368543344294828,1.789513249025992,37.13485590301137,9.66514409698863,23.4,0.41304034602515516,131900.0,,1.0
BEST_META,setup_family,SFP,147,94,53,0,0.6394557823129252,0.5591967089601741,0.7126118529600396,0.8495295550412918,-1.269479223386326,-0.054251248862663505,-186.6134458377899,232.17020507165202,314.0877312169846,104.69591969245737,362.9999153522194,11.208367597470321,23.400000000000002,0.4789900682679624,34228.57142857143,,1.0
BEST_META,setup_family,STB_BTS,15,6,9,0,0.4,0.1982449614134158,0.6425316987937539,0.39454701332592684,-7.559165921028102,-0.3230412786764146,-113.38748881542153,-66.29642120852351,35.318302694067036,11.772764912831008,145.22211962739155,12.31493775330187,20.80856837058142,0.5918205199888902,11180.0,,1.0
BEST_META,month,2026-08,179,117,62,0,0.6536312849162011,0.5813602159171586,0.7194468349275652,0.8945738157578593,-0.8544821681480318,-0.03651633197213812,-152.9523080984977,304.40014899046156,343.0143336847229,114.33812340423634,312.21136134070633,11.092715315397458,23.400000000000002,0.47404766305117335,38835.754189944135,,1.0
BEST_META,month,2026-09,118,84,34,0,0.711864406779661,0.6244907711296903,0.7858785767421341,1.210332800023236,1.3765695598502292,0.05882775896795849,162.43520806232704,451.03384400347176,216.44896342484984,72.14967251629487,117.807476273361,11.12752765949476,22.714032803977435,0.48989660953321457,33661.016949152545,,1.0
BEST_META,session,AMERICAS,97,75,22,0,0.7731958762886598,0.680395582012087,0.8451818999067251,1.5395178105049185,2.8633378231745588,0.12236486423822898,277.7437688479322,509.79324625316445,174.03709276013151,58.0123846451008,131.16406860413431,10.567250251305762,23.400000000000002,0.45159189108144276,32474.22680412371,,1.0
BEST_META,session,ASIA,92,67,25,0,0.7282608695652174,0.6295814700794521,0.8086422435075468,1.3231143388257038,2.0545857414460538,0.08780280946350656,189.02188821303693,430.7302000897632,181.2812209856444,60.42709089108183,191.95768842792813,11.55256549571697,23.400000000000006,0.49369938015884474,35383.69565217391,,1.0
BEST_META,session,EUROPE,108,59,49,0,0.5462962962962963,0.45242531815601683,0.6369869633489315,0.5929029881814449,-4.234099602751294,-0.18094442746800402,-457.2827570971398,-185.08945334899434,204.14498336379685,68.04832038434859,520.1819453047583,11.288039970137172,22.924022761943526,0.49241095628628484,41836.11111111111,,1.0
BEST_META,weekday,0,50,40,10,0,0.8,0.6696289406777459,0.887562499842239,1.890774757170478,4.168825863557838,0.1781549514340956,208.44129317789188,343.2706768096761,101.12202742572052,33.70735620606375,51.036685620664926,11.061032329447297,23.400000000000002,0.4726936892926195,20874.0,,1.0
BEST_META,weekday,1,38,23,15,0,0.6052631578947368,0.4471786799604255,0.744019242518399,0.6534684812489487,-3.2008569232005,-0.13678875740173074,-121.632563081619,-6.099260039492919,86.64997746457479,28.883325577551293,209.61637198847095,9.972497257320914,23.400000000000002,0.42617509646670565,15410.526315789473,,1.0
BEST_META,weekday,2,33,22,11,0,0.6666666666666666,0.4960789442780561,0.8024977232077931,0.7487499484044476,-1.7821784031913723,-0.07616147022185353,-58.81188730531529,38.485623086473815,72.97313163927504,24.324378752514058,112.46010819779494,7.966601274087157,21.279737757748432,0.3743749742022238,27500.0,,1.0
BEST_META,weekday,3,57,37,20,0,0.6491228070175439,0.519418953556502,0.7599957799083991,0.9758452074242066,-0.19832356009598787,-0.00847536581606786,-11.304442925471308,121.99157571998497,99.97201032434671,33.32400832110956,189.39936159053676,12.343123164176452,23.400000000000002,0.5274838959049766,45278.94736842105,,1.0
BEST_META,weekday,4,62,40,22,0,0.6451612903225806,0.5208113075778423,0.752572671489501,0.9245921476148148,-0.6261284259337636,-0.026757625039904438,-38.81996240789334,88.72046250756829,95.65531602498461,31.88510889047701,137.29179690573406,11.899500939802667,23.400000000000002,0.5085256811881481,60411.290322580644,,1.0
BEST_META,weekday,5,34,21,13,0,0.6176470588235294,0.450410173444307,0.7609981667549109,0.8182700041558949,-1.6259489628169637,-0.06948499841098135,-55.282264735776764,22.371427759769706,58.24026870051886,19.413423795027594,158.14635003605358,11.853225488772537,23.400000000000002,0.5065480978107921,33608.82352941176,,1.0
BEST_META,weekday,6,23,18,5,0,0.782608695652174,0.5809651698373599,0.9033602197341379,1.742672882410369,3.777944662696224,0.16145062661094972,86.89272724201315,146.6934871499533,44.8505655301522,14.950194377787957,70.2,11.327373735667399,23.4,0.484075800669547,39900.0,,1.0
TOP,direction,LONG,283,98,185,0,0.3462897526501767,0.2932493849925184,0.40344717917331896,1.1638507786848933,2.5063958336639662,0.10711093306256263,709.3100209269024,1441.7960909432582,549.3645092583994,183.1215607579565,1223.9987065042487,51.41132674415207,23.4,2.197065245476584,70125.79505300353,,1.0
TOP,direction,SHORT,193,49,144,0,0.2538860103626943,0.19769848404529652,0.3196796101369004,0.7808437510634403,-3.8262637120032723,-0.16351554324800308,-738.4688964166315,-227.8144114813504,382.99087053590455,127.66361439937657,786.9018694236283,53.69655313435447,23.400000000000002,2.294724492921131,62348.70466321243,,1.0
TOP,symbol,ADAUSDT,71,22,49,0,0.30985915492957744,0.21439726456263924,0.4248401257094176,1.1710295390465881,2.762006612265044,0.11803447060961725,196.10246947081814,358.36175553227196,121.69445379524102,40.564832266212896,235.6534343337816,61.031930430491734,23.400000000000002,2.608202155149219,49453.52112676056,,1.0
TOP,symbol,AVAXUSDT,55,13,42,0,0.23636363636363636,0.14366655869733186,0.3634836618916773,0.7165356002642128,-5.065251128369666,-0.2164637234346011,-278.58881206033163,-148.2149656557869,97.78038924986038,32.59345715468433,644.6821531934543,54.170091379974494,23.400000000000002,2.3149611700843797,62072.72727272727,,1.0
TOP,symbol,BNBUSDT,36,12,24,0,0.3333333333333333,0.2021461882430531,0.4966600212884348,1.2790878761639874,4.353770868158203,0.18605858410932488,156.7357512536953,259.2491053952954,76.88500782872921,25.62834631287083,330.87244280733904,59.86131260447461,23.400000000000002,2.5581757523279745,174891.66666666666,,1.0
TOP,symbol,BTCUSDT,21,10,11,0,0.47619047619047616,0.2834400610153417,0.6763046541715557,1.338601523080195,4.1502872400401065,0.1773627025658165,87.15603204084223,152.73344292186874,49.183053578767776,16.394357302258726,146.4421839458432,34.45560320408423,23.400000000000002,1.4724616753882147,132100.0,,1.0
TOP,symbol,DOGEUSDT,59,14,45,0,0.23728813559322035,0.14694618592462405,0.3597489070640275,0.6829113996972709,-5.659225357945321,-0.24184723751903078,-333.8942961187739,-180.87535028796046,114.7642147993724,38.25473103144104,333.8942961187739,51.3646931343733,23.4,2.195072356169799,52927.1186440678,,1.0
TOP,symbol,ETHUSDT,40,19,21,0,0.475,0.329354701126789,0.6250263789330753,1.78083898812888,9.59260696916329,0.40994046876766194,383.7042787665316,479.7415060776883,72.02790609112445,24.00932122003224,187.20000000000005,46.05811993508062,23.400000000000002,1.9682957237213938,83985.0,,1.0
TOP,symbol,LINKUSDT,46,10,36,0,0.21739130434782608,0.12260905324562552,0.35573687371578955,0.6736026681812423,-5.97732852878525,-0.2554413901190278,-274.9571123241215,-152.0299406233121,92.19538333650803,30.7317883643014,448.2367713990839,56.744288767587854,23.400000000000002,2.424969605452472,41915.217391304344,,1.0
TOP,symbol,LTCUSDT,45,18,27,0,0.4,0.27024886565009165,0.5454814540964862,1.013413723963058,0.1883286844413359,0.008048234377834864,8.474790799860116,140.259292379464,98.8383719769274,32.946129602676464,204.88880957647007,35.57082171110334,23.400000000000002,1.5201205859445872,40246.666666666664,,1.0
TOP,symbol,SOLUSDT,46,14,32,0,0.30434782608695654,0.1907984080276724,0.4480564644840765,1.3405442674712962,5.543468423532753,0.2369003599800321,254.9995474825066,378.4037462378228,92.55313771437729,30.851061040938895,280.8,71.69996767732191,23.400000000000002,3.0641011827915343,75013.04347826086,,1.0
TOP,symbol,XRPUSDT,57,15,42,0,0.2631578947368421,0.16645786597973072,0.3897657926348382,0.7671026406178714,-4.015640785978177,-0.17160858059735803,-228.89152480075612,-73.6469125154439,116.43346142339595,38.81115086191626,390.5575189705637,50.260565013282935,23.400000000000002,2.1478873937300396,38800.0,,1.0
TOP,mapping,15/5,139,50,89,0,0.3597122302158273,0.2846925647743821,0.44227745974100807,1.15853883625353,2.3753451826014507,0.10151047788895087,330.17298038160163,724.6303108323249,295.84297609913926,98.61435435158394,394.06253237492274,48.25545960763204,23.400000000000006,2.0621991285312835,52094.24460431655,,1.0
TOP,mapping,240/15,52,16,36,0,0.3076923076923077,0.1991472794928904,0.4426958882470567,0.9120484641706323,-1.4248148804357545,-0.06088952480494679,-74.09037378265924,45.309538811441804,89.54993308629321,29.84997950780784,362.28091672163976,48.0193516385838,23.400000000000002,2.052109044383923,96490.38461538461,,1.0
TOP,mapping,240/5,114,26,88,0,0.22807017543859648,0.16066092236491547,0.31320845586182294,0.7051796937058453,-5.3253857431659934,-0.22758058731478603,-607.0939747209233,-308.83757523661734,223.692308878364,74.56409060594194,1019.4414388327584,55.85023174150296,23.400000000000002,2.386762040235169,45363.15789473684,,1.0
TOP,mapping,240/60,8,2,6,0,0.25,0.071479212752109,0.5907245696898311,0.38288136352369206,-10.830432070159205,-0.46283897735723095,-86.64345656127364,-72.50359473367716,10.604898545805383,3.5349632817911036,127.4770730132962,26.878271719363184,23.400000000000002,1.1486440905710762,84000.0,,1.0
TOP,mapping,60/15,39,12,27,0,0.3076923076923077,0.18565932306911137,0.4642125437414931,0.8444524377062103,-2.5198705091593947,-0.10768677389570062,-98.2749498572164,-13.162711860759325,63.834178892226326,21.278059104230742,325.10692123658816,44.46042084523197,23.400000000000002,1.900017984838973,65307.692307692305,,1.0
TOP,mapping,60/5,124,41,83,0,0.33064516129032256,0.25402587402462923,0.4174422053649551,1.2609262172025237,4.086862089118885,0.17465222603072153,506.7708990507417,838.545711649195,248.8310842924757,82.94372830597752,505.78074172256237,59.73099753782297,23.400000000000002,2.552606732385597,90563.70967741935,,1.0
TOP,HTF,15,139,50,89,0,0.3597122302158273,0.2846925647743821,0.44227745974100807,1.15853883625353,2.3753451826014507,0.10151047788895087,330.17298038160163,724.6303108323249,295.84297609913926,98.61435435158394,394.06253237492274,48.25545960763204,23.400000000000006,2.0621991285312835,52094.24460431655,,1.0
TOP,HTF,240,174,44,130,0,0.25287356321839083,0.194106700915663,0.32231651912377596,0.7475911225953793,-4.41280347738423,-0.18858134518736028,-767.8278050648561,-336.0316311588527,323.84714051046257,107.94903339554088,1194.3647084580637,51.685731703071454,23.400000000000002,2.2087919531227116,62418.96551724138,,1.0
TOP,HTF,60,163,53,110,0,0.32515337423312884,0.257985994695361,0.4003723030389068,1.1587008349625194,2.5061101177516893,0.10709872298084137,408.49594919352535,825.3829997884357,312.66526318470204,104.22178741020825,615.0032061003876,56.27350847534954,23.400000000000006,2.4048507895448514,84520.85889570552,,1.0
TOP,LTF,15,91,28,63,0,0.3076923076923077,0.22226810686646445,0.4086949715677203,0.883078738543023,-1.8941244356030291,-0.08094548870098414,-172.36532363987564,32.14682695068248,153.38411197851954,51.12803861203859,687.3878379582279,46.494095584290164,23.400000000000002,1.9869271617218016,83126.37362637362,,1.0
TOP,LTF,5,377,117,260,0,0.3103448275862069,0.2657547228520562,0.35876094715191115,1.0377794057711078,0.6096814448578783,0.026054762600764014,229.84990471142015,1254.3384472449025,768.366369269979,256.1221732635034,976.8571744111547,53.964529100097614,23.400000000000002,2.3061764572691286,62711.936339522545,,1.0
TOP,LTF,60,8,2,6,0,0.25,0.071479212752109,0.5907245696898311,0.38288136352369206,-10.830432070159205,-0.46283897735723095,-86.64345656127364,-72.50359473367716,10.604898545805383,3.5349632817911036,127.4770730132962,26.878271719363184,23.400000000000002,1.1486440905710762,84000.0,,1.0
TOP,setup_family,BREAKER,209,78,131,0,0.37320574162679426,0.3104773464989045,0.44051101688828104,1.167539062041673,2.4572930180982997,0.10501252214095294,513.5742407825446,1035.7111267444366,391.60263340009703,130.53425256179483,878.7544123580498,45.88428513823775,23.400000000000002,1.9608668862494762,78177.99043062201,,1.0
TOP,setup_family,DEMAND_SUPPLY,3,0,3,0,0.0,5.551115123125783e-17,0.5614970317550454,0.0,-23.400000000000006,-1.0,-70.20000000000002,-62.45512790157471,5.808655947472785,1.9362161509525186,70.20000000000002,,23.400000000000006,,134400.0,,1.0
TOP,setup_family,OB_BOS,28,11,17,0,0.39285714285714285,0.2356568654157959,0.5759095570340281,1.5340226556871923,7.586936158298751,0.32422804095293806,212.43421243236503,299.92920625092484,65.62123636604419,21.873757452515672,117.0,55.47583749385137,23.400000000000002,2.3707622860620243,120032.14285714286,,1.0
TOP,setup_family,OB_DIRECT,1,0,1,0,0.0,0.0,0.7934506856227626,0.0,-23.400000000000006,-1.0000000000000002,-23.400000000000006,-20.88080369892203,1.889397852232642,0.6297984488453312,23.400000000000006,,23.400000000000006,,3600.0,,1.0
TOP,setup_family,RANGE,6,0,6,0,0.0,2.7755575615628914e-17,0.3903342879021653,0.0,-23.400000000000002,-1.0,-140.4,-111.24513259552023,21.86615389071458,7.2887135137652015,140.4,,23.400000000000002,,3250.0,,1.0
TOP,setup_family,SFP,186,50,136,0,0.26881720430107525,0.21025612404175664,0.3367342934664268,0.8724564141414586,-2.1822296109474344,-0.09325767568151429,-405.8947076362228,58.55172928551873,348.33482593476515,116.11161098697639,672.9591036369976,55.53010584727556,23.400000000000002,2.3730814464647674,50600.0,,1.0
TOP,setup_family,STB_BTS,43,8,35,0,0.18604651162790697,0.09741751428996226,0.32617003657274385,0.859251988927453,-2.680758629498045,-0.11456233459393357,-115.27262106841594,14.370681377044733,97.23247640297755,32.41082604248314,340.7204390590645,87.96592236644801,23.400000000000002,3.759227451557607,54439.53488372093,,1.0
TOP,month,2026-08,234,80,154,0,0.3418803418803419,0.2840972605230482,0.40477111269111155,1.1601370675518439,2.4661108402983993,0.10538935214950422,577.0699366298254,1181.8491234705873,453.58435467510856,151.19483216565337,496.64378926533095,52.25837420787282,23.400000000000002,2.2332638550372996,75408.97435897436,,1.0
TOP,month,2026-09,242,67,175,0,0.2768595041322314,0.22430550954502723,0.33638697691320507,0.8519587760391808,-2.5050777360312173,-0.10705460410389818,-606.2288121195546,32.13255599132046,478.7710251191954,159.59034299167973,1140.1472574046684,52.071211759409636,23.400000000000002,2.2252654598038304,58814.87603305785,,1.0
TOP,session,AMERICAS,161,58,103,0,0.36024844720496896,0.2901467856975597,0.43686363800326045,1.074305720836373,1.1123704867069995,0.04753720028662388,179.0916483598269,595.1452641836435,312.04019401351377,104.01342181030287,364.28430877470885,44.64295945447977,23.400000000000002,1.907818780105973,79058.3850931677,,1.0
TOP,session,ASIA,131,27,104,0,0.20610687022900764,0.1456927495161705,0.28326626150735307,0.5903954773096196,-7.609263865796256,-0.3251822164870195,-996.8135664193096,-651.2764350350733,259.1528680764789,86.38426330775744,1034.6513323807853,53.21431235484039,23.400000000000002,2.2741159126000166,62837.40458015267,,1.0
TOP,session,EUROPE,184,62,122,0,0.33695652173913043,0.2726143245021751,0.4079673725486683,1.2762235682253587,4.285668709618226,0.18314823545377032,788.5630425697535,1270.1128503133377,361.16231770431125,120.38749003927278,744.2960379951659,58.76392004144764,23.400000000000002,2.5112786342498987,59341.30434782609,,1.0
TOP,weekday,0,71,22,49,0,0.30985915492957744,0.21439726456263924,0.4248401257094176,1.1988273083882832,3.2109210112395172,0.13721884663416736,227.97539179800572,431.52064825769537,152.65892939915003,50.88632706053962,373.3830598826451,62.48069962718208,23.400000000000002,2.6701153686829944,45709.859154929574,,1.0
TOP,weekday,1,69,14,55,0,0.2028985507246377,0.12489333067903491,0.31224040244779294,0.6483940809983606,-6.55821475007406,-0.28026558761000253,-452.51681775511014,-254.07081313722412,148.8345110855432,49.61149353234284,796.4618995764895,59.605941588920714,23.4,2.547262461064988,51491.30434782609,,1.0
TOP,weekday,2,67,13,54,0,0.19402985074626866,0.1170517391641159,0.3041911222544419,0.46348912787316954,-10.11843489581288,-0.4324117476843111,-677.935138019463,-498.1570150101559,134.833607201695,44.944515807612156,677.9351380194622,45.051143229272085,23.400000000000002,1.9252625311654736,50937.31343283582,,1.0
TOP,weekday,3,85,41,44,0,0.4823529411764706,0.3792074367906816,0.587024544990991,2.0162803438595915,12.310144023974539,0.5260745309390829,1046.3622420378358,1262.6884798761153,162.24464049805988,54.08159734021962,260.0509499089402,50.63322541555697,23.400000000000002,2.163813051946879,56597.64705882353,,1.0
TOP,weekday,4,80,29,51,0,0.3625,0.2657079306444915,0.4718920549777783,1.116222807426304,1.7337537297818884,0.07409203973426871,138.70029838255107,319.6694707004768,135.72686964836467,45.24230266956103,498.76724407772986,45.93449304767418,23.400000000000002,1.9630125234048794,73211.25,,1.0
TOP,weekday,5,57,17,40,0,0.2982456140350877,0.19532550074818086,0.42664280103459995,0.9752951722722455,-0.4056792763715477,-0.017336721212459324,-23.12371875317822,97.8650855091825,90.74160026082106,30.24720400153968,288.432231812257,53.698604779224816,23.400000000000002,2.2948121700523423,151357.8947368421,,1.0
TOP,weekday,6,47,11,36,0,0.23404255319148937,0.13603274586227188,0.37224257550155593,0.6573823205361226,-6.140875174050434,-0.26243056299360834,-288.6211331803704,-145.53417673418215,107.31522170067011,35.77173474551814,381.2505676365871,50.34353334723906,23.400000000000002,2.15143304902731,50482.97872340425,,1.0
