candidate_name,excluded_dimension,excluded_value,CLOSED,WIN,LOSS,BE,WR,WR_CI_low,WR_CI_high,PF,Expectancy,AvgR,NetPnL,GrossPnL,fees,slippage,MaxDrawdown_case_sum,AvgWin,AvgLoss,Payoff,Average_holding_seconds,trades_per_month,cost_multiplier
BEST_DETERMINISTIC,direction,LONG,154,53,101,0,0.34415584415584416,0.2737351161075908,0.4221622713175509,0.7328509089438244,-4.09987118053354,-0.17520817010827097,-631.3801618021653,-272.5452764942782,269.1261721572818,89.70871315060522,896.162144869602,32.679619588638396,23.400000000000002,1.3965649396854014,49044.155844155845,,1.0
BEST_DETERMINISTIC,direction,SHORT,143,63,80,0,0.4405594405594406,0.36180170918312066,0.5224271718391086,1.1092703384040516,1.4304480663803105,0.0611302592470218,204.55407349238442,553.6770775787055,261.84223645443586,87.28076763188533,527.7673516528439,32.96117576972039,23.400000000000002,1.408597255116256,49674.12587412587,,1.0
BEST_DETERMINISTIC,symbol,ADAUSDT,242,99,143,0,0.4090909090909091,0.3490352697712274,0.47198759508212657,0.9384052752334219,-0.8516870579087771,-0.03639688281661442,-206.10826801392406,375.95001244490976,436.5436990656383,145.51458139319556,531.598794976528,31.71809830288966,23.400000000000002,1.355474286448276,50505.371900826445,,1.0
BEST_DETERMINISTIC,symbol,AVAXUSDT,269,109,160,0,0.4052044609665427,0.348271436277028,0.4648068245545995,0.961400448743204,-0.5372368769719125,-0.022958840896235587,-144.51671990544446,492.5648741761504,477.8111807842637,159.27041329733123,514.0461200089416,33.02278238618859,23.400000000000002,1.4112300165037857,49237.91821561338,,1.0
BEST_DETERMINISTIC,symbol,BNBUSDT,281,106,175,0,0.37722419928825623,0.3225681208119931,0.4351918615807559,0.9045501941729348,-1.3909856044905047,-0.05944382925173098,-390.8669548618318,276.27288147987304,500.3548689681067,166.7849673735982,600.012952026831,34.944651369228005,23.400000000000002,1.4933611696251283,49888.61209964413,,1.0
BEST_DETERMINISTIC,symbol,BTCUSDT,283,111,172,0,0.392226148409894,0.3371487168498069,0.45019025342738944,0.9147957812720051,-1.2117665708001204,-0.051784896188039345,-342.92993953643406,327.2337140246554,502.6227303538206,167.54092320726895,594.4667285379383,33.170000544716814,23.400000000000002,1.4175213907998636,47843.10954063604,,1.0
BEST_DETERMINISTIC,symbol,DOGEUSDT,265,108,157,0,0.4075471698113208,0.3501158224975847,0.4676206225621005,0.9470781432506149,-0.7336766691543063,-0.03135370381001311,-194.42431732589117,440.0364754948423,475.84558141446973,158.6152114062638,514.8111161338911,32.21644150624175,23.400000000000002,1.3767710045402457,48194.71698113208,,1.0
BEST_DETERMINISTIC,symbol,ETHUSDT,273,102,171,0,0.37362637362637363,0.3183669834445185,0.43239289083901433,0.8102269836197049,-2.7815302115168947,-0.11886881245798696,-759.3577477441122,-106.74977084213118,489.4559858789936,163.15199102298752,923.1024137204581,31.78472796329302,23.400000000000002,1.358321707833035,48736.26373626374,,1.0
BEST_DETERMINISTIC,symbol,LINKUSDT,266,102,164,0,0.38345864661654133,0.3270798335408315,0.44315562148908616,0.8928159144242437,-1.546352055659859,-0.06608342118204526,-411.3296468055225,222.1899458876437,475.1396878541899,158.3799048389764,580.8970779657515,33.590885815632134,23.400000000000002,1.43550794083898,51454.51127819549,,1.0
BEST_DETERMINISTIC,symbol,LTCUSDT,268,102,166,0,0.3805970149253731,0.3245418949465282,0.4400267610721468,0.8868404466459384,-1.6401379442108819,-0.07009136513721718,-439.55696904851635,195.50017141568043,476.2928494831565,158.7642909810404,635.1688692928309,33.77297089168121,23.400000000000002,1.4432893543453509,50646.26865671642,,1.0
BEST_DETERMINISTIC,symbol,SOLUSDT,269,106,163,0,0.3940520446096654,0.3375433267158841,0.45354414127240544,0.8479787634847391,-2.1555368041505876,-0.09211695744233282,-579.8394003165081,62.77649090293996,481.9619165313051,160.65397468814302,813.784066292854,30.51283584607068,23.400000000000002,1.3039673438491741,46788.847583643124,,1.0
BEST_DETERMINISTIC,symbol,XRPUSDT,257,99,158,0,0.3852140077821012,0.32782309959364,0.44598586364882764,0.8992467729011568,-1.4494351409721522,-0.06194167269111762,-372.5048312298431,244.41141477528203,462.6871771715154,154.22906883360986,674.179700293934,33.58277948252684,23.400000000000002,1.4351615163473006,50417.50972762646,,1.0
BEST_DETERMINISTIC,mapping,15/5,213,76,137,0,0.3568075117370892,0.29553143652344943,0.4231570452283691,0.8374795635581566,-2.446047019461322,-0.10453192390860351,-521.0080151452615,-18.37264993675092,376.97652445757427,125.65884075093642,787.7611259772449,35.32621032703603,23.400000000000002,1.5096671079929926,51614.08450704225,,1.0
BEST_DETERMINISTIC,mapping,240/15,270,104,166,0,0.3851851851851852,0.3291357720821382,0.4444558518194992,0.8666098974885703,-1.9190389414644342,-0.08201021117369378,-518.1405141953973,122.75173268600103,480.6691814785104,160.22306540288798,641.5624038605642,32.36787967119811,23.400000000000002,1.383242720991372,44714.444444444445,,1.0
BEST_DETERMINISTIC,mapping,240/5,217,95,122,0,0.4377880184331797,0.37342928953518995,0.5043110580237262,1.0949561072659169,1.249219792731519,0.05338546122784267,271.08069502273963,799.7548226526875,396.50557172982735,132.16855590012054,300.10248787174174,32.90400731602884,23.400000000000002,1.406154158804651,51165.89861751152,,1.0
BEST_DETERMINISTIC,mapping,240/60,297,116,181,0,0.39057239057239057,0.3368215805096625,0.44711777327886926,0.8992241374345326,-1.4371248764639086,-0.061415593011278156,-426.82608830978086,281.1318010844273,530.9684086117177,176.98948078249055,617.8667285379381,32.832533721467414,23.400000000000002,1.4030997316866414,49347.47474747475,,1.0
BEST_DETERMINISTIC,mapping,60/15,278,110,168,0,0.39568345323741005,0.3399986485329374,0.4542118972019282,0.8893943508519806,-1.5640752803262372,-0.06684082394556569,-434.81292793069395,229.11501775653707,497.9459523919876,165.98199329524348,592.5210929320006,31.785337018811873,23.400000000000002,1.3583477358466611,50512.23021582734,,1.0
BEST_DETERMINISTIC,mapping,60/5,210,79,131,0,0.3761904761904762,0.31344851258253814,0.4433806809388082,0.8354460784920369,-2.4020170999548114,-0.10265030341687228,-504.42359099051043,-8.721718820765425,371.77640438897134,123.92546778077374,662.7488300919513,32.417422898854305,23.400000000000002,1.3853599529424916,49584.28571428572,,1.0
BEST_DETERMINISTIC,month,2026-08,138,51,87,0,0.3695652173913043,0.29358420242902833,0.4526113013445993,0.7775549903204386,-3.28154746888153,-0.1402370713197235,-452.8535507056511,-120.34581723691907,249.3808037119316,83.12692975680042,452.8535507056502,31.038165672438218,23.400000000000002,1.3264173364289835,45915.217391304344,,1.0
BEST_DETERMINISTIC,month,2026-09,159,65,94,0,0.4088050314465409,0.3354183722021749,0.4864943015725542,1.0118328161465129,0.16369473204949825,0.0069955013696366645,26.027462395870224,401.47761832134637,281.58760489978613,93.86255102569012,617.8667285379381,34.240422498398004,23.400000000000002,1.4632659187349573,52326.41509433962,,1.0
