candidate_name,split,period,CLOSED,WIN,LOSS,BE,WR,WR_CI_low,WR_CI_high,PF,Expectancy,AvgR,NetPnL,GrossPnL,fees,slippage,MaxDrawdown_case_sum,AvgWin,AvgLoss,Payoff,Average_holding_seconds,trades_per_month,cost_multiplier
A,TRAIN,1,3230,844,2386,0,0.2613003095975232,0.24643887677867327,0.27672884197451164,0.6833289273570373,-5.460701679065523,-0.2333633196181847,-17638.06642338164,2319.7069046718943,14968.329926449338,4989.443401604193,17712.364809003142,45.09516082648761,23.343831584634188,1.9317805932155108,23555.386996904024,,1.0
A,TRAIN,2,3234,722,2512,0,0.22325293753865183,0.2092339021704625,0.2379286526471645,0.5269237510265422,-8.517122403357995,-0.3639795898870938,-27544.373852459754,-2205.1081712852774,19004.449327034596,6334.81635413988,27738.819377176944,42.492505264514605,23.17832908178316,1.8332859592502413,21364.00742115028,,1.0
A,TRAIN,3,3232,804,2428,0,0.24876237623762376,0.23416282155294355,0.263958449013919,0.6587162981708279,-5.9363455430787475,-0.25368998047345076,-19186.268795230513,6255.235817945317,19081.12827222535,6360.37634095048,20004.510048889482,46.05930027969377,23.154014093947406,1.9892576765656345,21331.28094059406,,1.0
A_PLUS,TRAIN,1,494,136,358,0,0.27530364372469635,0.23776299588332508,0.31631190875422344,0.7595965281901278,-4.076736769323201,-0.17421952005654706,-2013.9079640456614,-761.8521350845555,939.0418945764205,313.01393438468534,2310.0822355995665,46.78891202907602,23.400000000000002,1.9995261550887187,60860.52631578947,,1.0
A_PLUS,TRAIN,2,279,85,194,0,0.3046594982078853,0.2536077288382337,0.3610173673040543,0.8719115671824665,-2.0632483713601633,-0.0881730073230839,-575.6462956094856,239.27238345819606,611.1890021226035,203.72967694507807,978.4459948280585,46.09982913938109,23.16562769307669,1.9900099298046885,86917.20430107527,,1.0
A_PLUS,TRAIN,3,340,105,235,0,0.3088235294117647,0.26207911329145966,0.3598396615826542,0.8950045654196039,-1.6981467492870532,-0.07257037390115613,-577.3698947575981,363.02763369936497,705.2981354519094,235.09939300505368,1623.4014144384605,46.87266766897526,23.4,2.0031054559391137,66771.17647058824,,1.0
BEST_DETERMINISTIC,TRAIN,1,409,171,238,0,0.4180929095354523,0.371269468107606,0.46644062963454064,0.8223992486710566,-2.4083432845840824,-0.10292065318735395,-985.0124033948897,-30.54100475872329,715.8535498933752,238.61784874279118,1446.3629785928083,26.67371429054673,23.3034350717579,1.1446258548755057,44836.43031784841,,1.0
BEST_DETERMINISTIC,TRAIN,2,185,90,95,0,0.4864864864864865,0.4154737846529498,0.558048978668067,1.0547157957519775,0.6574768321980862,0.028097300521285718,121.63321395664593,586.021517256767,348.29120989445414,116.09709340566693,348.95974218469485,26.051480155073847,23.4,1.1133111177381987,69518.91891891892,,1.0
BEST_DETERMINISTIC,TRAIN,3,224,84,140,0,0.375,0.3142103306635672,0.44000472620160724,0.654291342279129,-5.055989119167739,-0.21606791107554438,-1132.5415626935735,-588.302985087918,408.1789508533424,136.059626752313,1267.1197418854852,25.51736234888603,23.400000000000002,1.090485570465215,46230.80357142857,,1.0
BEST_META,TRAIN,1,384,245,139,0,0.6380208333333334,0.5888064664577668,0.6845010863817704,0.8215505259969984,-1.5008425846536493,-0.06413857199374569,-576.3235525070013,436.84927657285994,759.8796087044402,253.29322037542096,642.3632410237999,10.829771406413792,23.23465861207468,0.46610417597380727,56567.1875,,1.0
BEST_META,TRAIN,2,274,175,99,0,0.6386861313868614,0.5802507847941433,0.6932865063019523,0.941906002532606,-0.47217141170716526,-0.020178265457571176,-129.3749668077633,695.7440083017711,618.8392104598462,206.27976464968833,483.9983751403455,11.986392804384135,22.494885935100882,0.5328496814327314,38472.26277372263,,1.0
BEST_META,TRAIN,3,302,184,118,0,0.609271523178808,0.5532000086716412,0.6625980726430764,0.7809735425531663,-1.9371017787523626,-0.08278212729710951,-585.0047371832135,283.951077098129,651.7168521924917,217.2389620888507,697.5830705933422,11.336560296385635,22.63501552303534,0.5008417283764871,31740.39735099338,,1.0
TOP,TRAIN,1,494,136,358,0,0.27530364372469635,0.23776299588332508,0.31631190875422344,0.7595965281901278,-4.076736769323201,-0.17421952005654706,-2013.9079640456614,-761.8521350845555,939.0418945764205,313.01393438468534,2310.0822355995665,46.78891202907602,23.400000000000002,1.9995261550887187,60860.52631578947,,1.0
TOP,TRAIN,2,279,85,194,0,0.3046594982078853,0.2536077288382337,0.3610173673040543,0.8719115671824665,-2.0632483713601633,-0.0881730073230839,-575.6462956094856,239.27238345819606,611.1890021226035,203.72967694507807,978.4459948280585,46.09982913938109,23.16562769307669,1.9900099298046885,86917.20430107527,,1.0
TOP,TRAIN,3,340,105,235,0,0.3088235294117647,0.26207911329145966,0.3598396615826542,0.8950045654196039,-1.6981467492870532,-0.07257037390115613,-577.3698947575981,363.02763369936497,705.2981354519094,235.09939300505368,1623.4014144384605,46.87266766897526,23.4,2.0031054559391137,66771.17647058824,,1.0
A,VALIDATION,1,1606,402,1204,0,0.2503113325031133,0.22973770927517922,0.272076587029804,0.5562679284910863,-7.741884663640563,-0.3308497719504514,-12433.466769806744,-791.124301730464,8731.756874791181,2910.5855932851005,12701.500068400203,38.772998392983254,23.27260143171596,1.6660362833414624,19950.18679950187,,1.0
A,VALIDATION,2,1607,415,1192,0,0.2582451773490977,0.23744080529198452,0.2802026004291185,0.5668753432686304,-7.426548180979333,-0.3173738538880057,-11934.462926833789,1730.0993925249863,10248.421687616392,3416.1406317423825,12010.370046725293,37.63825173699718,23.116054863831895,1.6282299016294155,20620.84629744866,,1.0
A_PLUS,VALIDATION,1,176,51,125,0,0.2897727272727273,0.22780873571214347,0.3607177337390436,0.6303644345015417,-6.096303879726472,-0.2605258068259176,-1072.949482831859,-586.4322168523781,364.88796707758814,121.6292989018929,1133.8903248335407,35.87790283102227,23.22178021771196,1.5450108688763275,66228.40909090909,,1.0
A_PLUS,VALIDATION,2,132,36,96,0,0.2727272727272727,0.20398542462503366,0.35432320573797027,0.6626236830495715,-5.74153150301093,-0.24536459414576622,-757.8821583974427,-340.85526471649365,312.77018048637933,104.25671319456974,1057.125297333522,41.34771782229327,23.400000000000002,1.766996488132191,85261.36363636363,,1.0
BEST_DETERMINISTIC,VALIDATION,1,147,73,74,0,0.4965986394557823,0.4168953578770951,0.5764751650028997,0.8597774181472767,-1.6301680781577355,-0.06966530248537332,-239.63470748918712,80.43513033386074,240.05237595423966,80.01746186880817,395.9778495904877,20.12773630903126,23.09404673038472,0.8715551909986092,43914.28571428572,,1.0
BEST_DETERMINISTIC,VALIDATION,2,71,40,31,0,0.5633802816901409,0.4477154306941805,0.6725387725484672,1.408988069428989,4.044826227262478,0.17285582167788366,287.18266213563595,465.2426306544054,133.54496243180196,44.51500608696748,162.00123925268556,24.734031072159603,22.650921959701556,1.0919657538074663,47425.35211267605,,1.0
BEST_META,VALIDATION,1,165,101,64,0,0.6121212121212121,0.536028030863115,0.6831124590286074,0.7604267414646966,-2.0438421847705697,-0.08734368310985342,-337.23396048714403,96.9485010570715,325.63684324971524,108.54561829450027,349.62889325346254,10.598123358567051,21.994444057850252,0.4818545688489167,27150.909090909092,,1.0
BEST_META,VALIDATION,2,132,86,46,0,0.6515151515151515,0.5669876431407519,0.7274732699505788,0.8010557562698157,-1.5203670491734573,-0.06497295081937852,-200.68845049089637,183.34746373627058,288.02693016995903,96.00898405720798,318.9108060082618,9.396265861036506,21.929724229131214,0.4284716835861805,47572.72727272727,,1.0
TOP,VALIDATION,1,176,51,125,0,0.2897727272727273,0.22780873571214347,0.3607177337390436,0.6303644345015417,-6.096303879726472,-0.2605258068259176,-1072.949482831859,-586.4322168523781,364.88796707758814,121.6292989018929,1133.8903248335407,35.87790283102227,23.22178021771196,1.5450108688763275,66228.40909090909,,1.0
TOP,VALIDATION,2,132,36,96,0,0.2727272727272727,0.20398542462503366,0.35432320573797027,0.6626236830495715,-5.74153150301093,-0.24536459414576622,-757.8821583974427,-340.85526471649365,312.77018048637933,104.25671319456974,1057.125297333522,41.34771782229327,23.400000000000002,1.766996488132191,85261.36363636363,,1.0
