scope,feature,outcome,sample_size,mean,q5,q25,q50,q75,q95
ALL,BOS_present,WIN,2370,0.8202531645569621,0.0,1.0,1.0,1.0,1.0
ALL,BOS_present,LOSS,7326,0.8134043134043134,0.0,1.0,1.0,1.0,1.0
CORE_A,BOS_present,WIN,323,0.09597523219814241,0.0,0.0,0.0,0.0,1.0
CORE_A,BOS_present,LOSS,535,0.22429906542056074,0.0,0.0,0.0,0.0,1.0
CORE_B,BOS_present,WIN,55,0.6545454545454545,0.0,0.0,1.0,1.0,1.0
CORE_B,BOS_present,LOSS,155,0.6129032258064516,0.0,0.0,1.0,1.0,1.0
CORE_C,BOS_present,WIN,1569,0.9961759082217974,1.0,1.0,1.0,1.0,1.0
CORE_C,BOS_present,LOSS,4524,0.9940318302387268,1.0,1.0,1.0,1.0,1.0
ALL,BOS_to_POI_seconds,WIN,1944,818.9814814814815,0.0,0.0,0.0,300.0,3900.0
ALL,BOS_to_POI_seconds,LOSS,5959,490.2500419533479,0.0,0.0,0.0,0.0,2400.0
CORE_A,BOS_to_POI_seconds,WIN,31,1132.258064516129,0.0,0.0,0.0,0.0,7050.0
CORE_A,BOS_to_POI_seconds,LOSS,120,212.5,0.0,0.0,0.0,0.0,0.0
CORE_B,BOS_to_POI_seconds,WIN,36,0.0,0.0,0.0,0.0,0.0,0.0
CORE_B,BOS_to_POI_seconds,LOSS,95,0.0,0.0,0.0,0.0,0.0,0.0
CORE_C,BOS_to_POI_seconds,WIN,1563,503.8387715930902,0.0,0.0,0.0,300.0,2700.0
CORE_C,BOS_to_POI_seconds,LOSS,4497,298.6657771847899,0.0,0.0,0.0,0.0,1800.0
ALL,CONF_present,WIN,2370,0.1962025316455696,0.0,0.0,0.0,0.0,1.0
ALL,CONF_present,LOSS,7326,0.11534261534261535,0.0,0.0,0.0,0.0,1.0
CORE_A,CONF_present,WIN,323,0.913312693498452,0.0,1.0,1.0,1.0,1.0
CORE_A,CONF_present,LOSS,535,0.7850467289719626,0.0,1.0,1.0,1.0,1.0
CORE_B,CONF_present,WIN,55,0.18181818181818182,0.0,0.0,0.0,0.0,1.0
CORE_B,CONF_present,LOSS,155,0.15483870967741936,0.0,0.0,0.0,0.0,1.0
CORE_C,CONF_present,WIN,1569,0.05353728489483748,0.0,0.0,0.0,0.0,1.0
CORE_C,CONF_present,LOSS,4524,0.026304155614500443,0.0,0.0,0.0,0.0,0.0
ALL,EQH_count,WIN,2370,4.589029535864979,0.0,1.0,3.0,7.0,14.0
ALL,EQH_count,LOSS,7326,4.6221676221676224,0.0,1.0,3.0,7.0,14.0
CORE_A,EQH_count,WIN,323,3.829721362229102,0.0,1.0,3.0,6.0,12.0
CORE_A,EQH_count,LOSS,535,3.899065420560748,0.0,1.0,3.0,6.0,11.0
CORE_B,EQH_count,WIN,55,4.090909090909091,0.0,1.0,3.0,6.0,11.599999999999994
CORE_B,EQH_count,LOSS,155,4.890322580645162,0.0,1.0,3.0,7.0,17.0
CORE_C,EQH_count,WIN,1569,4.692797960484385,0.0,1.0,3.0,7.0,14.599999999999909
CORE_C,EQH_count,LOSS,4524,4.6547303271441205,0.0,1.0,3.0,7.0,14.0
ALL,EQL_count,WIN,2370,1.9654008438818564,0.0,0.0,1.0,3.0,8.0
ALL,EQL_count,LOSS,7326,2.22986622986623,0.0,0.0,1.0,3.0,9.0
CORE_A,EQL_count,WIN,323,1.7461300309597523,0.0,0.0,1.0,2.0,7.0
CORE_A,EQL_count,LOSS,535,2.3065420560747665,0.0,0.0,1.0,3.0,8.0
CORE_B,EQL_count,WIN,55,1.2545454545454546,0.0,0.0,0.0,1.5,5.299999999999997
CORE_B,EQL_count,LOSS,155,1.3870967741935485,0.0,0.0,0.0,2.0,6.0
CORE_C,EQL_count,WIN,1569,1.9502868068833652,0.0,0.0,1.0,3.0,7.0
CORE_C,EQL_count,LOSS,4524,2.1545092838196287,0.0,0.0,1.0,3.0,9.0
ALL,FTA_distance,WIN,2370,113.00650833122367,0.0010067500000000014,0.020512500000001432,0.29774999999999885,7.274999999999977,718.4325000000013
ALL,FTA_distance,LOSS,7326,152.95157852033844,0.0017525000000001047,0.02876249999999997,0.4982500000000005,10.784999999999911,1024.0
CORE_A,FTA_distance,WIN,323,203.79020566563463,0.0018820000000000058,0.03969999999999996,0.6800000000000068,20.475000000000193,1384.7800000000066
CORE_A,FTA_distance,LOSS,535,218.92732379439255,0.0024039999999999977,0.0649999999999995,0.6799999999999997,26.14999999999992,1646.0200000000011
CORE_B,FTA_distance,WIN,55,184.43296054545308,0.002921999999999983,0.09499999999999975,1.1499999999999915,21.702499999999986,1708.9999999999852
CORE_B,FTA_distance,LOSS,155,207.116325935483,0.002033999999999987,0.012824999999999864,0.5044999999999984,15.909999999999911,1521.0549999999869
CORE_C,FTA_distance,WIN,1569,97.98596422880826,0.0008830000000000034,0.019300000000000095,0.2740000000000009,5.800000000000068,563.7800000000032
CORE_C,FTA_distance,LOSS,4524,146.60259131631295,0.0015537500000000074,0.02518749999999992,0.4650000000000034,9.427500000000066,967.7499999999902
ALL,HTF,WIN,2370,53.31645569620253,15.0,15.0,15.0,60.0,240.0
ALL,HTF,LOSS,7326,63.157248157248155,15.0,15.0,15.0,60.0,240.0
CORE_A,HTF,WIN,323,57.35294117647059,15.0,15.0,15.0,60.0,240.0
CORE_A,HTF,LOSS,535,88.6822429906542,15.0,15.0,60.0,240.0,240.0
CORE_B,HTF,WIN,55,37.09090909090909,15.0,15.0,15.0,60.0,60.0
CORE_B,HTF,LOSS,155,28.93548387096774,15.0,15.0,15.0,15.0,60.0
CORE_C,HTF,WIN,1569,51.33843212237094,15.0,15.0,15.0,60.0,240.0
CORE_C,HTF,LOSS,4524,59.08488063660477,15.0,15.0,15.0,60.0,240.0
ALL,LTF,WIN,2370,5.833333333333333,5.0,5.0,5.0,5.0,15.0
ALL,LTF,LOSS,7326,5.751433251433252,5.0,5.0,5.0,5.0,15.0
CORE_A,LTF,WIN,323,6.671826625386997,5.0,5.0,5.0,5.0,15.0
CORE_A,LTF,LOSS,535,6.94392523364486,5.0,5.0,5.0,5.0,15.0
CORE_B,LTF,WIN,55,5.0,5.0,5.0,5.0,5.0,5.0
CORE_B,LTF,LOSS,155,5.064516129032258,5.0,5.0,5.0,5.0,5.0
CORE_C,LTF,WIN,1569,5.611854684512428,5.0,5.0,5.0,5.0,15.0
CORE_C,LTF,LOSS,4524,5.563660477453581,5.0,5.0,5.0,5.0,15.0
ALL,OTE,WIN,2370,0.06835443037974684,0.0,0.0,0.0,0.0,1.0
ALL,OTE,LOSS,7326,0.10087360087360088,0.0,0.0,0.0,0.0,1.0
CORE_A,OTE,WIN,323,0.02476780185758514,0.0,0.0,0.0,0.0,0.0
CORE_A,OTE,LOSS,535,0.029906542056074768,0.0,0.0,0.0,0.0,0.0
CORE_B,OTE,WIN,55,0.0,0.0,0.0,0.0,0.0,0.0
CORE_B,OTE,LOSS,155,0.0,0.0,0.0,0.0,0.0,0.0
CORE_C,OTE,WIN,1569,0.05481198215423837,0.0,0.0,0.0,0.0,1.0
CORE_C,OTE,LOSS,4524,0.08289124668435013,0.0,0.0,0.0,0.0,1.0
ALL,PD_allowed,WIN,2370,0.3886075949367089,0.0,0.0,0.0,1.0,1.0
ALL,PD_allowed,LOSS,7326,0.5443625443625444,0.0,0.0,1.0,1.0,1.0
CORE_A,PD_allowed,WIN,323,0.15479876160990713,0.0,0.0,0.0,0.0,1.0
CORE_A,PD_allowed,LOSS,535,0.16448598130841122,0.0,0.0,0.0,0.0,1.0
CORE_B,PD_allowed,WIN,55,0.01818181818181818,0.0,0.0,0.0,0.0,0.0
CORE_B,PD_allowed,LOSS,155,0.0,0.0,0.0,0.0,0.0,0.0
CORE_C,PD_allowed,WIN,1569,0.34735500318674317,0.0,0.0,0.0,1.0,1.0
CORE_C,PD_allowed,LOSS,4524,0.46021220159151194,0.0,0.0,0.0,1.0,1.0
ALL,PD_position,WIN,2370,0.40729791648885716,-0.9886111810627125,0.22116841491841394,0.489899597990623,0.7500000000000024,1.9210867117117412
ALL,PD_position,LOSS,7326,0.5280130122064839,-0.2642551360911053,0.2771159317212037,0.49023518194819604,0.7142857142857617,1.4755960985528358
CORE_A,PD_position,WIN,323,0.5042040946920333,-3.4036211449914417,-0.27763391696943074,0.5629370629370628,1.407019704433494,3.8084507042253404
CORE_A,PD_position,LOSS,535,0.9520683040483668,-1.7938808768387942,0.08093151388673744,0.7010989010989009,1.4448031135531147,5.278458010160996
CORE_B,PD_position,WIN,55,-0.26734274813703074,-3.618168155454901,-1.1630434782608834,-0.14617486338797847,1.4914580265095747,2.489314285714292
CORE_B,PD_position,LOSS,155,0.170447466585909,-4.670883855207606,-1.3819444444444413,-0.13313313313312572,1.830672926447598,4.0338293650793915
CORE_C,PD_position,WIN,1569,0.46604673047692746,-0.4718967268182152,0.25384615384615034,0.48749999999998755,0.7022388059701685,1.3018196856906565
CORE_C,PD_position,LOSS,4524,0.49756925870716606,-0.10269798136644817,0.287154756347596,0.4999999999999772,0.6936111111111116,1.1209225010782342
ALL,POI_to_READY_seconds,WIN,2370,1075.8227848101267,0.0,0.0,0.0,0.0,3600.0
ALL,POI_to_READY_seconds,LOSS,7326,1976.3308763308764,0.0,0.0,0.0,0.0,2100.0
CORE_A,POI_to_READY_seconds,WIN,323,1147.9876160990711,0.0,0.0,0.0,0.0,6869.999999999993
CORE_A,POI_to_READY_seconds,LOSS,535,1437.196261682243,0.0,0.0,0.0,0.0,11700.0
CORE_B,POI_to_READY_seconds,WIN,55,24283.636363636364,0.0,0.0,6300.0,32400.0,99540.0
CORE_B,POI_to_READY_seconds,LOSS,155,69683.2258064516,0.0,1800.0,13500.0,50400.0,289889.9999999996
CORE_C,POI_to_READY_seconds,WIN,1569,208.60420650095602,0.0,0.0,0.0,0.0,0.0
CORE_C,POI_to_READY_seconds,LOSS,4524,53.713527851458885,0.0,0.0,0.0,0.0,0.0
ALL,POI_width,WIN,2370,29.744826337552734,0.00020000000000001822,0.004825000000000135,0.0799999999999983,1.5825000000000955,224.4100000000029
ALL,POI_width,LOSS,7326,27.95624527027027,0.0002899999999999986,0.005000000000000782,0.0799999999999983,1.7999999999999545,188.77500000000146
CORE_A,POI_width,WIN,323,36.734129040247566,0.0004179999999999949,0.009700000000000375,0.12000000000000455,3.5399999999999636,241.66999999999965
CORE_A,POI_width,LOSS,535,30.959367233644823,0.0002899999999999986,0.011099999999999555,0.09500000000000064,2.450000000000159,183.69000000000077
CORE_B,POI_width,WIN,55,70.38378018181808,0.0012590000000000047,0.04150000000000009,0.6270000000000007,10.759999999999863,537.6800000000089
CORE_B,POI_width,LOSS,155,78.05135367741941,0.0005860000000000005,0.005450000000000024,0.15700000000000003,5.499999999999943,456.24999999999955
CORE_C,POI_width,WIN,1569,28.09656237731038,0.00019999999999997797,0.0045000000000001705,0.07200000000000095,1.259999999999991,214.81999999999533
CORE_C,POI_width,LOSS,4524,28.67561166445623,0.00027000000000000635,0.004400000000000015,0.0799999999999983,1.6299999999998818,200.89500000000007
ALL,POI_width_SL,WIN,2370,0.8924763475779606,0.03795216921044092,0.1883462819089808,0.6738745125841781,1.9999999999996168,1.9999999999999458
ALL,POI_width_SL,LOSS,7326,1.246188015160157,0.08233001119665923,0.5051778590937918,0.9999999999999887,1.9999999999998432,1.9999999999999534
CORE_A,POI_width_SL,WIN,323,0.3106149120272214,0.0639776925024131,0.15230646871685807,0.2500000000000111,0.38562327205000946,0.8297633872976224
CORE_A,POI_width_SL,LOSS,535,0.40332228220700816,0.10310909973579055,0.2085354896675637,0.32523311669962507,0.47934626436780364,0.9999999999999702
CORE_B,POI_width_SL,WIN,55,1.4418085497073856,0.17041014698909368,0.9999999999999665,1.9999999999997462,1.9999999999999418,1.9999999999999802
CORE_B,POI_width_SL,LOSS,155,1.6188209379157605,0.9999999999998863,0.9999999999999714,1.9999999999998863,1.9999999999999547,1.999999999999986
CORE_C,POI_width_SL,WIN,1569,0.9059865521549939,0.0347247428917023,0.1728395061728249,0.6785714285714217,1.9999999999997067,1.9999999999999494
CORE_C,POI_width_SL,LOSS,4524,1.1954795366304503,0.06249999999999615,0.42471345580154035,0.999999999999986,1.9999999999998486,1.999999999999954
ALL,POI_width_pct,WIN,2370,0.004880685903924756,0.0002907815127787449,0.0015120042547918404,0.0036197814501632425,0.006461197679426225,0.012474585488426828
ALL,POI_width_pct,LOSS,7326,0.004640656171859012,0.0003685108709262382,0.0018309195567630494,0.003567612555274874,0.0060178322347260605,0.012526739673820755
CORE_A,POI_width_pct,WIN,323,0.004414637632361823,0.0009379820098511324,0.0019609617131122236,0.003371834421407668,0.005861820898888525,0.010507499457188993
CORE_A,POI_width_pct,LOSS,535,0.004260837370779963,0.0009104428297202953,0.0018731784530331853,0.0031159342430428618,0.004990663338037613,0.011906804135007054
CORE_B,POI_width_pct,WIN,55,0.01687249456847394,0.0027553891303691864,0.006507088149510766,0.008719444023079548,0.012632543742871077,0.06738377856760963
CORE_B,POI_width_pct,LOSS,155,0.010585320090369508,0.002092839980579485,0.004291566257727909,0.007875879580813722,0.014862601079122965,0.02687038136214282
CORE_C,POI_width_pct,WIN,1569,0.004572153100377602,0.00019920212885034863,0.0011897679952410172,0.003525782282944031,0.006336088154269887,0.012249842460954646
CORE_C,POI_width_pct,LOSS,4524,0.004638182094455391,0.0002946289325590557,0.0016437249039333171,0.0036196101698494584,0.00616745432146823,0.012633145885463928
ALL,SFP,WIN,2370,0.5928270042194093,0.0,0.0,1.0,1.0,1.0
ALL,SFP,LOSS,7326,0.5293475293475294,0.0,0.0,1.0,1.0,1.0
CORE_A,SFP,WIN,323,0.0,0.0,0.0,0.0,0.0,0.0
CORE_A,SFP,LOSS,535,0.0,0.0,0.0,0.0,0.0,0.0
CORE_B,SFP,WIN,55,0.0,0.0,0.0,0.0,0.0,0.0
CORE_B,SFP,LOSS,155,0.0,0.0,0.0,0.0,0.0,0.0
CORE_C,SFP,WIN,1569,0.8948374760994264,0.0,1.0,1.0,1.0,1.0
CORE_C,SFP,LOSS,4524,0.8569849690539346,0.0,1.0,1.0,1.0,1.0
ALL,SFP_range_position,WIN,1405,0.45411659856026,-0.47205947452022046,0.2536933519664538,0.49101796407186393,0.7009551656920067,1.2810975609756297
ALL,SFP_range_position,LOSS,3878,0.4801116198299809,-0.07283619240210283,0.29729729729729365,0.49999999999999395,0.6863730616660586,1.0570462296324388
CORE_A,SFP_range_position,WIN,0,,,,,,
CORE_A,SFP_range_position,LOSS,0,,,,,,
CORE_B,SFP_range_position,WIN,0,,,,,,
CORE_B,SFP_range_position,LOSS,0,,,,,,
CORE_C,SFP_range_position,WIN,1404,0.4544400434310294,-0.47210016144572176,0.2538079533762262,0.4911230171236537,0.7010840213278322,1.2811356707317283
CORE_C,SFP_range_position,LOSS,3877,0.48023545568755893,-0.0729164961005609,0.2972972972972983,0.49999999999999434,0.6864406779660996,1.05705191360364
ALL,SL_ATR,WIN,2370,2.9582022966906285,0.7704104366706452,1.3797001113762648,2.214467828168744,3.6223146406524536,7.367709306161622
ALL,SL_ATR,LOSS,7326,1.9337971770873388,0.5069243868281352,0.9835579276144601,1.4862766263801828,2.3150073084659915,4.856280954499182
CORE_A,SL_ATR,WIN,323,4.3114683837139625,1.9335956336902755,3.086121923150017,4.070986956383384,5.207083373050251,7.198446061887967
CORE_A,SL_ATR,LOSS,535,3.7245511033115264,1.5789035350174736,2.4380438925894152,3.2059759135736803,4.51917675958015,7.749984000620984
CORE_B,SL_ATR,WIN,55,1.8689379165855493,0.48853187959208794,0.7773806705579847,1.064574054746571,1.6612080313141542,6.280021934190698
CORE_B,SL_ATR,LOSS,155,1.181889834180378,0.4342222758643831,0.7158130372456866,0.9746790298434522,1.2926935114338751,2.5714073102480106
CORE_C,SL_ATR,WIN,1569,2.8078699948296366,0.8535679647716683,1.3729290641007947,2.0701456093376858,3.2169728388445784,7.31349059510551
CORE_C,SL_ATR,LOSS,4524,1.9642251524352543,0.664357565634348,1.1167926030268065,1.5597020608308374,2.285504727841438,4.586873577101027
ALL,SL_distance,WIN,2370,61.748993027427716,0.000549500000000016,0.010825000000000307,0.15575000000000472,4.168750000000614,343.97000000000753
ALL,SL_distance,LOSS,7326,31.627733645920177,0.00033000000000001084,0.006000000000000227,0.09500000000000597,2.0812500000000576,208.36250000000837
CORE_A,SL_distance,WIN,323,140.46241780185957,0.0016390000000000198,0.0304500000000002,0.4900000000000091,17.925000000000182,950.6300000000052
CORE_A,SL_distance,LOSS,535,77.96412562617004,0.0008700000000000194,0.04300000000000104,0.29000000000000625,9.150000000000148,432.41000000000497
CORE_B,SL_distance,WIN,55,51.175032363637854,0.0009410000000000169,0.036000000000001364,0.4800000000000022,7.582500000000209,310.12000000000677
CORE_B,SL_distance,LOSS,155,42.52921490322745,0.00046900000000001525,0.0033250000000001334,0.11100000000000243,4.690000000000282,284.32000000001045
CORE_C,SL_distance,WIN,1569,53.14919572020547,0.0005040000000014367,0.008750000000000258,0.15000000000000213,3.27500000000002,287.8300000000133
CORE_C,SL_distance,LOSS,4524,31.917645845492245,0.0003600000000000131,0.005537500000000639,0.10000000000000053,2.200000000000074,214.06250000001387
ALL,SL_distance_pct,WIN,2370,0.009379149354452951,0.0015343127986805463,0.0032769445390378226,0.005531257996444839,0.01054198976688476,0.029823878466810592
ALL,SL_distance_pct,LOSS,7326,0.0053199880474595635,0.0008848958979815049,0.002051540125116289,0.003532788187807106,0.006070166337805039,0.015445379713129783
CORE_A,SL_distance_pct,WIN,323,0.017730622254782634,0.004266412942639079,0.008233919287246889,0.014222352912347868,0.022792593606516382,0.04167591782992246
CORE_A,SL_distance_pct,LOSS,535,0.013736629604325215,0.0029486622883890326,0.005476066623828447,0.009452788572629097,0.016083140877598337,0.04277515815579106
CORE_B,SL_distance_pct,WIN,55,0.017179532664177388,0.002036643271522491,0.004232127760355893,0.005589815273713796,0.02076628677441781,0.06246637647379314
CORE_B,SL_distance_pct,LOSS,155,0.007371000605554389,0.001640473441454879,0.0030337645291619564,0.0052679382379657285,0.009251194936620766,0.017097896434311706
CORE_C,SL_distance_pct,WIN,1569,0.008106436758050686,0.0016057752986486302,0.003173201586535789,0.004963724959393824,0.00882864094542953,0.024055375847950755
CORE_C,SL_distance_pct,LOSS,4524,0.005087216224968795,0.0010955200527921522,0.0022392321470477397,0.0036803550832418567,0.005952328055371612,0.013277461079658902
ALL,adverse_liquidity_count,WIN,2370,9.424472573839662,0.0,2.0,5.0,12.0,33.0
ALL,adverse_liquidity_count,LOSS,7326,9.063336063336063,0.0,2.0,5.0,11.0,31.0
CORE_A,adverse_liquidity_count,WIN,323,14.520123839009289,2.0,7.0,11.0,19.0,39.799999999999955
CORE_A,adverse_liquidity_count,LOSS,535,17.487850467289718,2.0,7.0,14.0,24.0,48.0
CORE_B,adverse_liquidity_count,WIN,55,5.363636363636363,0.0,0.0,0.0,10.0,22.19999999999999
CORE_B,adverse_liquidity_count,LOSS,155,5.387096774193548,0.0,0.0,0.0,6.0,27.299999999999983
CORE_C,adverse_liquidity_count,WIN,1569,7.966220522625877,0.0,2.0,4.0,8.0,31.0
CORE_C,adverse_liquidity_count,LOSS,4524,7.92816091954023,0.0,2.0,4.0,9.0,30.0
ALL,breaker_range_confluence,WIN,2370,0.0004219409282700422,0.0,0.0,0.0,0.0,0.0
ALL,breaker_range_confluence,LOSS,7326,0.0001365001365001365,0.0,0.0,0.0,0.0,0.0
CORE_A,breaker_range_confluence,WIN,323,0.0030959752321981426,0.0,0.0,0.0,0.0,0.0
CORE_A,breaker_range_confluence,LOSS,535,0.001869158878504673,0.0,0.0,0.0,0.0,0.0
CORE_B,breaker_range_confluence,WIN,55,0.01818181818181818,0.0,0.0,0.0,0.0,0.0
CORE_B,breaker_range_confluence,LOSS,155,0.0064516129032258064,0.0,0.0,0.0,0.0,0.0
CORE_C,breaker_range_confluence,WIN,1569,0.0,0.0,0.0,0.0,0.0,0.0
CORE_C,breaker_range_confluence,LOSS,4524,0.0,0.0,0.0,0.0,0.0,0.0
ALL,breaker_sfp_confluence,WIN,2370,0.0012658227848101266,0.0,0.0,0.0,0.0,0.0
ALL,breaker_sfp_confluence,LOSS,7326,0.0012285012285012285,0.0,0.0,0.0,0.0,0.0
CORE_A,breaker_sfp_confluence,WIN,323,0.009287925696594427,0.0,0.0,0.0,0.0,0.0
CORE_A,breaker_sfp_confluence,LOSS,535,0.016822429906542057,0.0,0.0,0.0,0.0,0.0
CORE_B,breaker_sfp_confluence,WIN,55,0.0,0.0,0.0,0.0,0.0,0.0
CORE_B,breaker_sfp_confluence,LOSS,155,0.0,0.0,0.0,0.0,0.0,0.0
CORE_C,breaker_sfp_confluence,WIN,1569,0.0019120458891013384,0.0,0.0,0.0,0.0,0.0
CORE_C,breaker_sfp_confluence,LOSS,4524,0.001989389920424403,0.0,0.0,0.0,0.0,0.0
ALL,core_breaker,WIN,2370,0.13628691983122362,0.0,0.0,0.0,0.0,1.0
ALL,core_breaker,LOSS,7326,0.07302757302757303,0.0,0.0,0.0,0.0,1.0
CORE_A,core_breaker,WIN,323,1.0,1.0,1.0,1.0,1.0,1.0
CORE_A,core_breaker,LOSS,535,1.0,1.0,1.0,1.0,1.0,1.0
CORE_B,core_breaker,WIN,55,0.01818181818181818,0.0,0.0,0.0,0.0,0.0
CORE_B,core_breaker,LOSS,155,0.0064516129032258064,0.0,0.0,0.0,0.0,0.0
CORE_C,core_breaker,WIN,1569,0.0019120458891013384,0.0,0.0,0.0,0.0,0.0
CORE_C,core_breaker,LOSS,4524,0.001989389920424403,0.0,0.0,0.0,0.0,0.0
ALL,core_range,WIN,2370,0.023206751054852322,0.0,0.0,0.0,0.0,0.0
ALL,core_range,LOSS,7326,0.021157521157521158,0.0,0.0,0.0,0.0,0.0
CORE_A,core_range,WIN,323,0.0030959752321981426,0.0,0.0,0.0,0.0,0.0
CORE_A,core_range,LOSS,535,0.001869158878504673,0.0,0.0,0.0,0.0,0.0
CORE_B,core_range,WIN,55,1.0,1.0,1.0,1.0,1.0,1.0
CORE_B,core_range,LOSS,155,1.0,1.0,1.0,1.0,1.0,1.0
CORE_C,core_range,WIN,1569,0.0019120458891013384,0.0,0.0,0.0,0.0,0.0
CORE_C,core_range,LOSS,4524,0.000663129973474801,0.0,0.0,0.0,0.0,0.0
ALL,core_sfp,WIN,2370,0.6620253164556962,0.0,0.0,1.0,1.0,1.0
ALL,core_sfp,LOSS,7326,0.6175266175266175,0.0,0.0,1.0,1.0,1.0
CORE_A,core_sfp,WIN,323,0.009287925696594427,0.0,0.0,0.0,0.0,0.0
CORE_A,core_sfp,LOSS,535,0.016822429906542057,0.0,0.0,0.0,0.0,0.0
CORE_B,core_sfp,WIN,55,0.05454545454545454,0.0,0.0,0.0,0.0,0.29999999999999716
CORE_B,core_sfp,LOSS,155,0.01935483870967742,0.0,0.0,0.0,0.0,0.0
CORE_C,core_sfp,WIN,1569,1.0,1.0,1.0,1.0,1.0,1.0
CORE_C,core_sfp,LOSS,4524,1.0,1.0,1.0,1.0,1.0,1.0
ALL,destination_distance,WIN,1407,142.47212986140732,-82.04100000000012,0.0018250000000000072,0.20500000000000007,6.175000000000004,1693.8100000000077
ALL,destination_distance,LOSS,4687,175.80855400149343,-35.68999999999998,0.005767499999999995,0.4405000000000001,14.620000000000005,1713.769999999996
CORE_A,destination_distance,WIN,323,505.25509965944286,0.0031330000000000064,0.07805000000000006,1.4599999999999937,51.86500000000001,2742.7500000000055
CORE_A,destination_distance,LOSS,535,481.6506045981307,0.004075999999999995,0.16050000000000253,1.3900000000000006,44.60000000000002,3770.2299999999964
CORE_B,destination_distance,WIN,13,20.852708076923065,-876.5199999999952,-80.26999999999998,-0.00714999999999999,61.05500000000029,935.6959999999934
CORE_B,destination_distance,LOSS,50,192.94539300000014,-248.32124999999826,-0.0835999999999999,0.003944999999999997,10.914999999999996,1422.098749999996
CORE_C,destination_distance,WIN,646,-99.20125989164087,-1381.8000000000065,-1.568750000000005,0.0016400000000000095,0.9013750000000016,333.6525000000001
CORE_C,destination_distance,LOSS,1988,6.42046889336014,-971.4874999999977,-0.7706249999999999,0.0072499999999999995,2.0812500000000025,850.9414999999999
ALL,destination_distance_R,WIN,1407,6.326747982659034,-18.87818168755862,0.5018610421836143,3.8128834355827963,11.18695652173875,35.88599295980887
ALL,destination_distance_R,LOSS,4687,17.56225493873481,-21.414115646257873,2.5224073137778293,10.499999999999728,23.913067706881442,77.97499999999035
CORE_A,destination_distance_R,WIN,323,4.293496586915184,0.5512000000000031,1.1755510571299777,2.4238683127571785,4.566297010607462,15.968531187122542
CORE_A,destination_distance_R,LOSS,535,10.134951585733218,0.8847945205479387,2.4112685560053335,5.331753554502362,12.529193320073112,35.610688405795514
CORE_B,destination_distance_R,WIN,13,4.588626156604198,-10.128676532768882,-1.6419753086419602,-0.9999999999999689,13.04896907216458,23.753695955367544
CORE_B,destination_distance_R,LOSS,50,3.879315662961492,-15.067474370922085,-0.99999999999998,4.9633581595813006,9.394339622641123,20.08727945175542
CORE_C,destination_distance_R,WIN,646,1.5069637203590807,-29.66976808952267,-8.92676767676745,0.5516596610001305,10.510992907801082,33.57116864853941
CORE_C,destination_distance_R,LOSS,1988,5.0155471667644695,-34.65543859648702,-10.461296803155816,4.022266976656832,16.091280451573176,53.73097826086258
ALL,displacement_ATR,WIN,1944,0.902245124533688,0.19880111350329133,0.5013213774395082,0.786250651191784,1.1986631175781095,1.9833450693198742
ALL,displacement_ATR,LOSS,5959,0.9555358913418835,0.19483368048753047,0.5256558802991163,0.8365811682670915,1.2473391200963515,2.116424773400188
CORE_A,displacement_ATR,WIN,31,0.9573817774606432,0.24048648682727158,0.5019585771890273,0.815219387011407,1.2689638331579145,2.199351370742622
CORE_A,displacement_ATR,LOSS,120,0.8614107410128213,0.1983996353838688,0.4715087512234579,0.7564936619485882,1.1712086081418889,1.7718216296853504
CORE_B,displacement_ATR,WIN,36,1.1588259683185027,0.25538230125939143,0.7166050072613139,1.082404638999615,1.5549491856539048,2.496949844264751
CORE_B,displacement_ATR,LOSS,95,1.0943577931986235,0.30983284650262677,0.6058046267449922,0.8970344141357467,1.4940184630832227,2.3764674488811157
CORE_C,displacement_ATR,WIN,1563,0.885799304160325,0.19738399428991424,0.5000088531910578,0.7778218986270014,1.1710690613592012,1.8976433781835906
CORE_C,displacement_ATR,LOSS,4497,0.9378771570677537,0.1913462030969591,0.5213660617123534,0.8232791026413965,1.21985096453886,2.0589533592113307
ALL,displacement_size,WIN,1944,17.1643513837449,0.00018149999999999907,0.002874999999999961,0.05150000000000077,1.0024999999999409,117.46499999999479
ALL,displacement_size,LOSS,5959,15.297653777479422,0.0001799999999999996,0.0027000000000001467,0.045999999999999375,1.0,106.75999999999735
CORE_A,displacement_size,WIN,31,27.25217193548386,0.00046500000000000014,0.004650000000000043,0.04000000000000625,1.170000000000016,173.0
CORE_A,displacement_size,LOSS,120,14.066428666667028,0.00015850000000000656,0.0035000000000000586,0.03200000000000003,0.34749999999999304,135.88000000000537
CORE_B,displacement_size,WIN,36,112.18783944444463,0.0013050000000000075,0.07725000000000026,1.6649999999999991,9.229999999999961,730.4250000000029
CORE_B,displacement_size,LOSS,95,44.92721157894712,0.0005559999999999982,0.003500000000000017,0.14999999999999147,2.7700000000000387,222.70999999999887
CORE_C,displacement_size,WIN,1563,14.965775604606588,0.0001799999999999996,0.002999999999999947,0.05799999999999983,1.0,107.6000000000115
CORE_C,displacement_size,LOSS,4497,15.501341890148954,0.0001799999999999996,0.0024999999999999467,0.04999999999999716,1.0,107.30000000000291
ALL,entry_after_slippage,WIN,2370,8641.530079292086,0.0948219606,1.42139208,45.985801,642.36426,71625.72352749995
ALL,entry_after_slippage,LOSS,7326,8021.8001740819,0.0955616085,1.417291485,11.8651265,641.9016875,72247.12825000001
CORE_A,entry_after_slippage,WIN,323,10812.236085752013,0.09770053620000001,1.4674934399999997,53.330664,1977.649391,71538.70487999999
CORE_A,entry_after_slippage,LOSS,535,10195.318642042008,0.0944655768,8.5960058,10.5051006,674.98497,74910.30244199996
CORE_B,entry_after_slippage,WIN,55,9203.81796883851,0.0930448873,8.37325245,66.556686,1850.2049670000001,69375.162258
CORE_B,entry_after_slippage,LOSS,155,8632.49429621071,0.0942756411,1.334591865,11.687662,1286.107727,70812.87012599998
CORE_C,entry_after_slippage,WIN,1569,8511.358680289768,0.09605115780000001,1.4224154599999999,51.42028199999999,640.82181,72167.75066399996
CORE_C,entry_after_slippage,LOSS,4524,8093.529428168483,0.09553935405,1.4088340499999998,50.694858999999994,639.4389,73436.78814299995
ALL,entry_is_Breaker,WIN,2370,0.1421940928270042,0.0,0.0,0.0,0.0,1.0
ALL,entry_is_Breaker,LOSS,7326,0.0728910728910729,0.0,0.0,0.0,0.0,1.0
CORE_A,entry_is_Breaker,WIN,323,0.9907120743034056,1.0,1.0,1.0,1.0,1.0
CORE_A,entry_is_Breaker,LOSS,535,0.9607476635514018,1.0,1.0,1.0,1.0,1.0
CORE_B,entry_is_Breaker,WIN,55,0.14545454545454545,0.0,0.0,0.0,0.0,1.0
CORE_B,entry_is_Breaker,LOSS,155,0.04516129032258064,0.0,0.0,0.0,0.0,0.0
CORE_C,entry_is_Breaker,WIN,1569,0.0057361376673040155,0.0,0.0,0.0,0.0,0.0
CORE_C,entry_is_Breaker,LOSS,4524,0.003978779840848806,0.0,0.0,0.0,0.0,0.0
ALL,entry_is_Demand_Supply,WIN,2370,0.10632911392405063,0.0,0.0,0.0,0.0,1.0
ALL,entry_is_Demand_Supply,LOSS,7326,0.19328419328419327,0.0,0.0,0.0,0.0,1.0
CORE_A,entry_is_Demand_Supply,WIN,323,0.0,0.0,0.0,0.0,0.0,0.0
CORE_A,entry_is_Demand_Supply,LOSS,535,0.001869158878504673,0.0,0.0,0.0,0.0,0.0
CORE_B,entry_is_Demand_Supply,WIN,55,0.21818181818181817,0.0,0.0,0.0,0.0,1.0
CORE_B,entry_is_Demand_Supply,LOSS,155,0.2645161290322581,0.0,0.0,0.0,1.0,1.0
CORE_C,entry_is_Demand_Supply,WIN,1569,0.08986615678776291,0.0,0.0,0.0,0.0,1.0
CORE_C,entry_is_Demand_Supply,LOSS,4524,0.12002652519893899,0.0,0.0,0.0,0.0,1.0
ALL,entry_is_FVG,WIN,2370,0.26666666666666666,0.0,0.0,0.0,1.0,1.0
ALL,entry_is_FVG,LOSS,7326,0.17977067977067976,0.0,0.0,0.0,0.0,1.0
CORE_A,entry_is_FVG,WIN,323,0.0030959752321981426,0.0,0.0,0.0,0.0,0.0
CORE_A,entry_is_FVG,LOSS,535,0.0,0.0,0.0,0.0,0.0,0.0
CORE_B,entry_is_FVG,WIN,55,0.0,0.0,0.0,0.0,0.0,0.0
CORE_B,entry_is_FVG,LOSS,155,0.0,0.0,0.0,0.0,0.0,0.0
CORE_C,entry_is_FVG,WIN,1569,0.3403441682600382,0.0,0.0,0.0,1.0,1.0
CORE_C,entry_is_FVG,LOSS,4524,0.2453580901856764,0.0,0.0,0.0,0.0,1.0
ALL,entry_is_OB,WIN,2370,0.08143459915611814,0.0,0.0,0.0,0.0,1.0
ALL,entry_is_OB,LOSS,7326,0.08285558285558285,0.0,0.0,0.0,0.0,1.0
CORE_A,entry_is_OB,WIN,323,0.0,0.0,0.0,0.0,0.0,0.0
CORE_A,entry_is_OB,LOSS,535,0.001869158878504673,0.0,0.0,0.0,0.0,0.0
CORE_B,entry_is_OB,WIN,55,0.3090909090909091,0.0,0.0,0.0,1.0,1.0
CORE_B,entry_is_OB,LOSS,155,0.3032258064516129,0.0,0.0,0.0,1.0,1.0
CORE_C,entry_is_OB,WIN,1569,0.10388782664117271,0.0,0.0,0.0,0.0,1.0
CORE_C,entry_is_OB,LOSS,4524,0.10610079575596817,0.0,0.0,0.0,0.0,1.0
ALL,entry_is_Range,WIN,2370,0.0004219409282700422,0.0,0.0,0.0,0.0,0.0
ALL,entry_is_Range,LOSS,7326,0.0001365001365001365,0.0,0.0,0.0,0.0,0.0
CORE_A,entry_is_Range,WIN,323,0.0,0.0,0.0,0.0,0.0,0.0
CORE_A,entry_is_Range,LOSS,535,0.0,0.0,0.0,0.0,0.0,0.0
CORE_B,entry_is_Range,WIN,55,0.0,0.0,0.0,0.0,0.0,0.0
CORE_B,entry_is_Range,LOSS,155,0.0,0.0,0.0,0.0,0.0,0.0
CORE_C,entry_is_Range,WIN,1569,0.0,0.0,0.0,0.0,0.0,0.0
CORE_C,entry_is_Range,LOSS,4524,0.0,0.0,0.0,0.0,0.0,0.0
ALL,entry_is_STB_BTS,WIN,2370,0.4029535864978903,0.0,0.0,0.0,1.0,1.0
ALL,entry_is_STB_BTS,LOSS,7326,0.47106197106197106,0.0,0.0,0.0,1.0,1.0
CORE_A,entry_is_STB_BTS,WIN,323,0.006191950464396285,0.0,0.0,0.0,0.0,0.0
CORE_A,entry_is_STB_BTS,LOSS,535,0.03551401869158879,0.0,0.0,0.0,0.0,0.0
CORE_B,entry_is_STB_BTS,WIN,55,0.32727272727272727,0.0,0.0,0.0,1.0,1.0
CORE_B,entry_is_STB_BTS,LOSS,155,0.3870967741935484,0.0,0.0,0.0,1.0,1.0
CORE_C,entry_is_STB_BTS,WIN,1569,0.46016571064372214,0.0,0.0,0.0,1.0,1.0
CORE_C,entry_is_STB_BTS,LOSS,4524,0.5245358090185677,0.0,0.0,1.0,1.0,1.0
ALL,entry_reference,WIN,2370,8641.551978141351,0.09481400000000001,1.421625,45.995000000000005,642.3,71627.17249999996
ALL,entry_reference,LOSS,7326,8021.722105797162,0.0955425,1.417525,11.8675,641.8374999999999,72239.9
CORE_A,entry_reference,WIN,323,10811.809999690402,0.097681,1.4672,53.32,1978.045,71524.4
CORE_A,entry_reference,LOSS,535,10194.773830934579,0.094458,8.596,10.503,674.85,74916.20999999995
CORE_B,entry_reference,WIN,55,9203.092870545453,0.0930635,8.37325,66.57,1849.835,69361.29
CORE_B,entry_reference,LOSS,155,8632.319631225804,0.09429449999999999,1.334325,11.69,1286.365,70807.23
CORE_C,entry_reference,WIN,1569,8511.40485313257,0.096055,1.4226999999999999,51.41,640.95,72153.31999999996
CORE_C,entry_reference,LOSS,4524,8093.497192960875,0.0955415,1.4089749999999999,50.705,639.375,73426.50499999998
ALL,entry_zone_tf,WIN,2370,7.736286919831223,5.0,5.0,5.0,5.0,15.0
ALL,entry_zone_tf,LOSS,7326,7.087087087087087,5.0,5.0,5.0,5.0,15.0
CORE_A,entry_zone_tf,WIN,323,13.390092879256965,5.0,5.0,5.0,15.0,60.0
CORE_A,entry_zone_tf,LOSS,535,11.551401869158878,5.0,5.0,5.0,15.0,60.0
CORE_B,entry_zone_tf,WIN,55,37.09090909090909,15.0,15.0,15.0,60.0,60.0
CORE_B,entry_zone_tf,LOSS,155,28.64516129032258,15.0,15.0,15.0,15.0,60.0
CORE_C,entry_zone_tf,WIN,1569,5.64372211599745,5.0,5.0,5.0,5.0,15.0
CORE_C,entry_zone_tf,LOSS,4524,5.5946065428824046,5.0,5.0,5.0,5.0,15.0
ALL,expected_fee,WIN,2370,4.2682520791295415,0.8913084667847566,2.322482124891087,3.913688652937664,5.75175681335091,8.955128613758495
ALL,expected_fee,LOSS,7326,5.878062804182299,1.6693070772918022,3.679178294246007,5.4951677571719175,7.68879925551783,11.345381398170671
CORE_A,expected_fee,WIN,323,2.1527217507318954,0.6531417782902439,1.168402129635414,1.7736924241172503,2.8726450864796993,4.807090153339288
CORE_A,expected_fee,LOSS,535,2.924469865392756,0.6513658686224294,1.5932331207827777,2.565194577593333,4.028229373114242,6.263744895518361
CORE_B,expected_fee,WIN,55,3.626391604468008,0.45528889854857874,1.2297681844836728,3.9738572309609,4.819530824179989,7.791722196276942
CORE_B,expected_fee,LOSS,155,4.449645078559918,1.482483713810208,2.6200357964213783,4.099067619383883,6.0364595040655775,8.567298077210326
CORE_C,expected_fee,WIN,1569,4.46610620017809,1.092515177796402,2.703939947172207,4.274487486839101,5.871787726472299,8.73994316223921
CORE_C,expected_fee,LOSS,4524,5.684526727513627,1.8878229300070162,3.7162387995267028,5.347356972349441,7.318483822061522,10.421669897922714
ALL,expected_quantity,WIN,2370,4805.95449188483,0.05175182490853513,4.187142827577296,100.8913437444521,1636.1714055554603,32087.31693367559
ALL,expected_quantity,LOSS,7326,6786.534956976901,0.0727187850487713,6.874696021979996,150.14949299106306,2707.6724964421715,46225.90543970109
CORE_A,expected_quantity,WIN,323,2020.4988772612478,0.02190053626502079,1.19528452048896,40.33759054953876,686.86904967734,12949.71921161963
CORE_A,expected_quantity,LOSS,535,3373.397378763564,0.04372811089074829,2.2180350495832752,68.6054369167731,417.7311556333028,22905.39595858983
CORE_B,expected_quantity,WIN,55,3092.5018513075056,0.05767383601578588,2.1629469988624255,44.28898757446796,439.4838121917377,20751.35676531137
CORE_B,expected_quantity,LOSS,155,5998.560281810815,0.057203128760510875,3.129341231078926,184.2391830009723,4370.159383378577,38097.659067284665
CORE_C,expected_quantity,WIN,1569,4832.2678773032885,0.05850780743620858,4.952170871335668,101.92879892338074,1992.4727020915204,33655.71483122296
CORE_C,expected_quantity,LOSS,4524,6393.399347588064,0.07066036196942006,7.015755283116605,135.97403839755663,2903.8769012981984,43349.18623400388
ALL,expected_slippage,WIN,2370,1.4227527132126785,0.29710370751204807,0.774161789346022,1.3045641188557915,1.9172582564342922,2.9850463179295947
ALL,expected_slippage,LOSS,7326,1.9593590252220783,0.5564383418480046,1.226395078094551,1.8317244336574854,2.562934229812752,3.7818122460438937
CORE_A,expected_slippage,WIN,323,0.7175753985060648,0.21771430047991172,0.38946887887088777,0.5912324278537214,0.9575513046981073,1.6023648116704994
CORE_A,expected_slippage,LOSS,535,0.9748269326807705,0.21712417854160998,0.5310795348828614,0.8550698773360255,1.342748679312327,2.0879169166554146
CORE_B,expected_slippage,WIN,55,1.20879983010062,0.15176355627231403,0.40992545049876083,1.3246234713601768,1.6065144514908374,2.5972418061798543
CORE_B,expected_slippage,LOSS,155,1.4832188254617988,0.49416419692413865,0.8733512805926811,1.3663608174446544,2.01215576025829,2.8557723315996615
CORE_C,expected_slippage,WIN,1569,1.4887039984982466,0.36417194552572707,0.9013171760595872,1.4248355362438265,1.9572634511334024,2.9133186232616857
CORE_C,expected_slippage,LOSS,4524,1.89484622341876,0.6292752032780238,1.2387539805221432,1.7824572150108389,2.439498581104973,3.4738926322899566
ALL,expected_target_R,WIN,2370,1.9150955729146864,0.1623616496921843,0.5735593442253918,1.1605418567595271,2.3867323402837934,6.444947629897061
ALL,expected_target_R,LOSS,7326,4.747504960729163,0.407382940925241,1.443036106602012,2.964048976019666,5.8477924376049835,14.725753691504655
CORE_A,expected_target_R,WIN,323,1.4602389195225354,0.2122922734455535,0.5650175510473032,0.9986100438458181,1.7557567262534004,4.49064843180065
CORE_A,expected_target_R,LOSS,535,3.7267572027258065,0.4038098568957401,1.0757623294490242,2.1769116296070767,4.4754510277627455,11.63999111612318
CORE_B,expected_target_R,WIN,55,2.6017134113100924,0.39138533291254674,1.541190089573269,2.2114970315870264,3.524659502051964,6.116389354848053
CORE_B,expected_target_R,LOSS,155,3.8055136638953524,1.1532525222686814,2.0741594071640925,3.295500811402614,4.894124073779558,8.597490377618282
CORE_C,expected_target_R,WIN,1569,1.8093803094722558,0.1462792133697858,0.5317254475510458,1.0854345363113866,2.161396581141269,5.9427152638332155
CORE_C,expected_target_R,LOSS,4524,3.9292088679619366,0.36091688069839645,1.2930048344901448,2.5886714445963612,4.870369874816842,12.050630533286366
ALL,expected_total_friction,WIN,2370,5.69100479234222,1.1884121742968048,3.0966439142371094,5.2182527717934555,7.6690150697852015,11.94017493168809
ALL,expected_total_friction,LOSS,7326,7.837421829404375,2.225745419139807,4.905573372340558,7.326892190829403,10.251733485330583,15.127192258557823
CORE_A,expected_total_friction,WIN,323,2.870297149237961,0.8708560787701557,1.557871008506302,2.364924851970972,3.8301963911778065,6.409454965009787
CORE_A,expected_total_friction,LOSS,535,3.899296798073527,0.8684900471640394,2.1243126556656393,3.4202644549293586,5.370978052426569,8.351661812173775
CORE_B,expected_total_friction,WIN,55,4.835191434568628,0.6070524548208929,1.6396936349824338,5.2984807023210765,6.426045275670826,10.388964002456797
CORE_B,expected_total_friction,LOSS,155,5.932863904021718,1.9766479107343469,3.4933870770140594,5.465428436828537,8.048615264323868,11.42307040880999
CORE_C,expected_total_friction,WIN,1569,5.954810198676338,1.456687123322129,3.605257123231794,5.699323023082927,7.829051177605701,11.653261785500897
CORE_C,expected_total_friction,LOSS,4524,7.579372950932387,2.5170981332850397,4.954992780048846,7.12981418736028,9.757982403166494,13.895562530212668
ALL,external_swept_count,WIN,2370,0.002109704641350211,0.0,0.0,0.0,0.0,0.0
ALL,external_swept_count,LOSS,7326,0.001092001092001092,0.0,0.0,0.0,0.0,0.0
CORE_A,external_swept_count,WIN,323,0.0,0.0,0.0,0.0,0.0,0.0
CORE_A,external_swept_count,LOSS,535,0.001869158878504673,0.0,0.0,0.0,0.0,0.0
CORE_B,external_swept_count,WIN,55,0.0,0.0,0.0,0.0,0.0,0.0
CORE_B,external_swept_count,LOSS,155,0.0,0.0,0.0,0.0,0.0,0.0
CORE_C,external_swept_count,WIN,1569,0.0025493945188017845,0.0,0.0,0.0,0.0,0.0
CORE_C,external_swept_count,LOSS,4524,0.001326259946949602,0.0,0.0,0.0,0.0,0.0
ALL,first_test,WIN,2370,1.0,1.0,1.0,1.0,1.0,1.0
ALL,first_test,LOSS,7326,1.0,1.0,1.0,1.0,1.0,1.0
CORE_A,first_test,WIN,323,1.0,1.0,1.0,1.0,1.0,1.0
CORE_A,first_test,LOSS,535,1.0,1.0,1.0,1.0,1.0,1.0
CORE_B,first_test,WIN,55,1.0,1.0,1.0,1.0,1.0,1.0
CORE_B,first_test,LOSS,155,1.0,1.0,1.0,1.0,1.0,1.0
CORE_C,first_test,WIN,1569,1.0,1.0,1.0,1.0,1.0,1.0
CORE_C,first_test,LOSS,4524,1.0,1.0,1.0,1.0,1.0,1.0
ALL,formation_age_seconds,WIN,2370,3310.253164556962,0.0,0.0,0.0,1125.0,15600.0
ALL,formation_age_seconds,LOSS,7326,4058.3947583947584,0.0,0.0,0.0,900.0,16200.0
CORE_A,formation_age_seconds,WIN,323,5360.990712074304,0.0,300.0,1800.0,4650.0,21600.0
CORE_A,formation_age_seconds,LOSS,535,6208.0373831775705,0.0,600.0,2400.0,7200.0,26789.999999999985
CORE_B,formation_age_seconds,WIN,55,40287.27272727273,0.0,1350.0,21600.0,51300.0,153719.9999999999
CORE_B,formation_age_seconds,LOSS,155,85813.54838709677,0.0,3150.0,23400.0,67500.0,314729.99999999953
CORE_C,formation_age_seconds,WIN,1569,1373.2313575525814,0.0,0.0,0.0,0.0,9000.0
CORE_C,formation_age_seconds,LOSS,4524,1131.2997347480107,0.0,0.0,0.0,0.0,7200.0
ALL,freshness,WIN,2370,1.0,1.0,1.0,1.0,1.0,1.0
ALL,freshness,LOSS,7326,1.0,1.0,1.0,1.0,1.0,1.0
CORE_A,freshness,WIN,323,1.0,1.0,1.0,1.0,1.0,1.0
CORE_A,freshness,LOSS,535,1.0,1.0,1.0,1.0,1.0,1.0
CORE_B,freshness,WIN,55,1.0,1.0,1.0,1.0,1.0,1.0
CORE_B,freshness,LOSS,155,1.0,1.0,1.0,1.0,1.0,1.0
CORE_C,freshness,WIN,1569,1.0,1.0,1.0,1.0,1.0,1.0
CORE_C,freshness,LOSS,4524,1.0,1.0,1.0,1.0,1.0,1.0
ALL,friction_R,WIN,2370,0.24320533300607775,0.05078684505541901,0.13233521001013288,0.22300225520484848,0.32773568674295733,0.5102638859695765
ALL,friction_R,LOSS,7326,0.33493255681215284,0.09511732560426525,0.20963988770686143,0.3131150508901454,0.438108268603871,0.646461207630676
CORE_A,friction_R,WIN,323,0.12266227133495557,0.037216071742314345,0.06657568412420092,0.10106516461414408,0.16368360646059,0.27390833183802504
CORE_A,friction_R,LOSS,535,0.16663661530228743,0.0371149592805145,0.0907825921224632,0.14616514764655378,0.229528976599426,0.3569086244518707
CORE_B,friction_R,WIN,55,0.20663211258840283,0.025942412599183454,0.07007237756335187,0.22643079924449042,0.2746173194731122,0.4439728206178118
CORE_B,friction_R,LOSS,155,0.2535411924795606,0.08447213293736525,0.14929004602624185,0.23356531781318532,0.34395791727879776,0.4881654020858969
CORE_C,friction_R,WIN,1569,0.25447906831950157,0.06225158646675765,0.15407081723212793,0.24356081295226184,0.33457483664981624,0.4980026404060212
CORE_C,friction_R,LOSS,4524,0.3239048269629225,0.10756829629423247,0.21175182820721564,0.3046929139897555,0.41700779500711516,0.5938274585560969
ALL,global_POI_age_seconds,WIN,2370,45684.17721518988,0.0,0.0,1800.0,8400.0,66779.99999999901
ALL,global_POI_age_seconds,LOSS,7326,30338.41113841114,0.0,0.0,1500.0,6000.0,44925.0
CORE_A,global_POI_age_seconds,WIN,323,3048.297213622291,0.0,0.0,0.0,0.0,14400.0
CORE_A,global_POI_age_seconds,LOSS,535,7363.177570093458,0.0,0.0,0.0,0.0,15300.0
CORE_B,global_POI_age_seconds,WIN,55,21223.636363636364,0.0,0.0,0.0,3150.0,165959.99999999983
CORE_B,global_POI_age_seconds,LOSS,155,14701.935483870968,0.0,0.0,0.0,0.0,59759.999999999876
CORE_C,global_POI_age_seconds,WIN,1569,14186.806883365201,0.0,1200.0,3000.0,9000.0,33000.0
CORE_C,global_POI_age_seconds,LOSS,4524,18730.371352785147,0.0,900.0,2700.0,6900.0,26054.999999999836
ALL,gross_target_R,WIN,2370,2.1583009059207643,0.336801009434249,0.7873872550087017,1.3837198486123943,2.6438362868437864,6.695679708739044
ALL,gross_target_R,LOSS,7326,5.082437517541315,0.678567077267734,1.7413589514340981,3.2872482950167514,6.18813457306305,15.099999522721857
CORE_A,gross_target_R,WIN,323,1.582901190857491,0.3087868525150425,0.6602844444656651,1.108090801788164,1.890735211677617,4.657562051358577
CORE_A,gross_target_R,LOSS,535,3.893393818028094,0.5447651638990991,1.227635964395322,2.319551861307934,4.701730966527194,11.811621837263353
CORE_B,gross_target_R,WIN,55,2.808345523898496,0.4354667056290196,1.6949521627904165,2.357221111170286,3.6539178157612806,6.374172725140751
CORE_B,gross_target_R,LOSS,155,4.059054856374913,1.3195324405072948,2.353984469556079,3.4599961241250794,5.170416101563019,8.769627764913421
CORE_C,gross_target_R,WIN,1569,2.0638593777917573,0.3415893399848997,0.7888425354496591,1.3316247540578903,2.4807673780856416,6.181636324339202
CORE_C,gross_target_R,LOSS,4524,4.253113694924858,0.6380082200061502,1.5900070976635547,2.9128020798660055,5.1871596343461,12.471681936452864
ALL,hour,WIN,2370,11.69113924050633,1.0,5.0,12.0,18.0,22.0
ALL,hour,LOSS,7326,11.587906087906088,1.0,6.0,12.0,18.0,22.0
CORE_A,hour,WIN,323,12.743034055727554,1.0,7.0,13.0,19.0,22.0
CORE_A,hour,LOSS,535,12.534579439252337,0.0,8.0,13.0,18.0,22.0
CORE_B,hour,WIN,55,11.818181818181818,1.0,6.0,13.0,19.0,22.0
CORE_B,hour,LOSS,155,11.103225806451613,0.7000000000000002,5.0,10.0,18.0,22.0
CORE_C,hour,WIN,1569,11.514977692797961,1.0,5.0,11.0,18.0,22.0
CORE_C,hour,LOSS,4524,11.750663129973475,1.0,6.0,12.0,18.0,22.0
ALL,internal_swept_count,WIN,2370,0.0,0.0,0.0,0.0,0.0,0.0
ALL,internal_swept_count,LOSS,7326,0.0,0.0,0.0,0.0,0.0,0.0
CORE_A,internal_swept_count,WIN,323,0.0,0.0,0.0,0.0,0.0,0.0
CORE_A,internal_swept_count,LOSS,535,0.0,0.0,0.0,0.0,0.0,0.0
CORE_B,internal_swept_count,WIN,55,0.0,0.0,0.0,0.0,0.0,0.0
CORE_B,internal_swept_count,LOSS,155,0.0,0.0,0.0,0.0,0.0,0.0
CORE_C,internal_swept_count,WIN,1569,0.0,0.0,0.0,0.0,0.0,0.0
CORE_C,internal_swept_count,LOSS,4524,0.0,0.0,0.0,0.0,0.0,0.0
ALL,liquidity_raid_present,WIN,2370,1.0,1.0,1.0,1.0,1.0,1.0
ALL,liquidity_raid_present,LOSS,7326,1.0,1.0,1.0,1.0,1.0,1.0
CORE_A,liquidity_raid_present,WIN,323,1.0,1.0,1.0,1.0,1.0,1.0
CORE_A,liquidity_raid_present,LOSS,535,1.0,1.0,1.0,1.0,1.0,1.0
CORE_B,liquidity_raid_present,WIN,55,1.0,1.0,1.0,1.0,1.0,1.0
CORE_B,liquidity_raid_present,LOSS,155,1.0,1.0,1.0,1.0,1.0,1.0
CORE_C,liquidity_raid_present,WIN,1569,1.0,1.0,1.0,1.0,1.0,1.0
CORE_C,liquidity_raid_present,LOSS,4524,1.0,1.0,1.0,1.0,1.0,1.0
ALL,liquidity_swept_count,WIN,2370,1.7637130801687764,1.0,1.0,1.0,2.0,4.0
ALL,liquidity_swept_count,LOSS,7326,1.643188643188643,1.0,1.0,1.0,2.0,4.0
CORE_A,liquidity_swept_count,WIN,323,1.3962848297213621,1.0,1.0,1.0,2.0,3.0
CORE_A,liquidity_swept_count,LOSS,535,1.4037383177570093,1.0,1.0,1.0,2.0,3.0
CORE_B,liquidity_swept_count,WIN,55,1.6181818181818182,1.0,1.0,1.0,2.0,4.0
CORE_B,liquidity_swept_count,LOSS,155,1.5419354838709678,1.0,1.0,1.0,2.0,3.0
CORE_C,liquidity_swept_count,WIN,1569,1.912683237731039,1.0,1.0,1.0,2.0,5.0
CORE_C,liquidity_swept_count,LOSS,4524,1.8052608311229001,1.0,1.0,1.0,2.0,4.0
ALL,macro_flow_aligned,WIN,1407,0.7683013503909026,0.0,1.0,1.0,1.0,1.0
ALL,macro_flow_aligned,LOSS,4687,0.8017921911670578,0.0,1.0,1.0,1.0,1.0
CORE_A,macro_flow_aligned,WIN,323,1.0,1.0,1.0,1.0,1.0,1.0
CORE_A,macro_flow_aligned,LOSS,535,1.0,1.0,1.0,1.0,1.0,1.0
CORE_B,macro_flow_aligned,WIN,13,0.46153846153846156,0.0,0.0,0.0,1.0,1.0
CORE_B,macro_flow_aligned,LOSS,50,0.56,0.0,0.0,1.0,1.0,1.0
CORE_C,macro_flow_aligned,WIN,646,0.5061919504643962,0.0,0.0,1.0,1.0,1.0
CORE_C,macro_flow_aligned,LOSS,1988,0.5437625754527163,0.0,0.0,1.0,1.0,1.0
ALL,manipulation_alias,WIN,2370,0.4029535864978903,0.0,0.0,0.0,1.0,1.0
ALL,manipulation_alias,LOSS,7326,0.47106197106197106,0.0,0.0,0.0,1.0,1.0
CORE_A,manipulation_alias,WIN,323,0.006191950464396285,0.0,0.0,0.0,0.0,0.0
CORE_A,manipulation_alias,LOSS,535,0.03551401869158879,0.0,0.0,0.0,0.0,0.0
CORE_B,manipulation_alias,WIN,55,0.32727272727272727,0.0,0.0,0.0,1.0,1.0
CORE_B,manipulation_alias,LOSS,155,0.3870967741935484,0.0,0.0,0.0,1.0,1.0
CORE_C,manipulation_alias,WIN,1569,0.46016571064372214,0.0,0.0,0.0,1.0,1.0
CORE_C,manipulation_alias,LOSS,4524,0.5245358090185677,0.0,0.0,1.0,1.0,1.0
ALL,native_ATR,WIN,2370,21.177329480326417,0.0002560784793917506,0.004563259904657705,0.07003515274892921,1.6363671251180814,163.69255743547862
ALL,native_ATR,LOSS,7326,17.0428095076801,0.00024328008784586726,0.003701332655880832,0.05929515950066461,1.3390535300935018,132.80990949232012
CORE_A,native_ATR,WIN,323,32.8272675435468,0.00039558783927682575,0.007467801864114776,0.12443477290767459,3.94204847493144,226.6502535495826
CORE_A,native_ATR,LOSS,535,22.441948755698302,0.00027027727318783615,0.013823226676260288,0.08316576691855995,2.6883933867090644,146.55250477966146
CORE_B,native_ATR,WIN,55,49.7592367255894,0.0011292510683683834,0.03143305813352837,0.34463516861880933,7.945406860967683,359.999596833845
CORE_B,native_ATR,LOSS,155,46.39375908021158,0.0004815077332411553,0.0036765263443332497,0.10611425818187939,3.845946408153739,346.25251708006203
CORE_C,native_ATR,WIN,1569,18.56877442635059,0.0002502788602194337,0.004126167344915801,0.06968928386400647,1.4114723168309184,147.67215022975745
CORE_C,native_ATR,LOSS,4524,16.936125227386796,0.00024575931683431244,0.0033568674503112153,0.06474383639164202,1.2444412783387007,134.7072992911389
ALL,native_HTF_ATR,WIN,2370,47.6656950431939,0.0006382197104779158,0.010184345458970559,0.17156754731076868,4.027632982812025,357.0828695901053
ALL,native_HTF_ATR,LOSS,7324,44.97133986320339,0.000651713772779392,0.009883108883236172,0.17676849170051073,3.7047117001705354,328.3178811059756
CORE_A,native_HTF_ATR,WIN,323,61.52842583649192,0.0005493006662223861,0.014127137579305216,0.255257148868449,7.710116705557231,418.0157718880003
CORE_A,native_HTF_ATR,LOSS,535,56.72255226558146,0.0008708863955465377,0.03172886352940683,0.20949755016999286,7.19900988280073,385.8805464393789
CORE_B,native_HTF_ATR,WIN,55,49.7592367255894,0.0011292510683683834,0.03143305813352837,0.34463516861880933,7.945406860967683,359.999596833845
CORE_B,native_HTF_ATR,LOSS,155,46.3937612962554,0.0004815077332411553,0.0036765263443332497,0.10611425818187939,3.845946408153739,346.25251708006203
CORE_C,native_HTF_ATR,WIN,1569,47.57521940941804,0.0006561780005676878,0.010444825035341585,0.1728320759454554,3.6477312466215004,346.27208365536353
CORE_C,native_HTF_ATR,LOSS,4522,49.34717839471798,0.0006455436829008663,0.009068847060663243,0.17925662054867797,3.5658202709459177,351.53989887191716
ALL,native_touch,WIN,2370,0.15358649789029535,0.0,0.0,0.0,0.0,1.0
ALL,native_touch,LOSS,7326,0.12749112749112748,0.0,0.0,0.0,0.0,1.0
CORE_A,native_touch,WIN,323,0.42105263157894735,0.0,0.0,0.0,1.0,1.0
CORE_A,native_touch,LOSS,535,0.2766355140186916,0.0,0.0,0.0,1.0,1.0
CORE_B,native_touch,WIN,55,1.0,1.0,1.0,1.0,1.0,1.0
CORE_B,native_touch,LOSS,155,1.0,1.0,1.0,1.0,1.0,1.0
CORE_C,native_touch,WIN,1569,0.06437221159974506,0.0,0.0,0.0,0.0,1.0
CORE_C,native_touch,LOSS,4524,0.059460654288240496,0.0,0.0,0.0,0.0,1.0
ALL,net_target_R,WIN,2370,1.9150955729146864,0.1623616496921843,0.5735593442253918,1.1605418567595271,2.3867323402837934,6.444947629897061
ALL,net_target_R,LOSS,7326,4.747504960729163,0.407382940925241,1.443036106602012,2.964048976019666,5.8477924376049835,14.725753691504655
CORE_A,net_target_R,WIN,323,1.4602389195225354,0.2122922734455535,0.5650175510473032,0.9986100438458181,1.7557567262534004,4.49064843180065
CORE_A,net_target_R,LOSS,535,3.7267572027258065,0.4038098568957401,1.0757623294490242,2.1769116296070767,4.4754510277627455,11.63999111612318
CORE_B,net_target_R,WIN,55,2.6017134113100924,0.39138533291254674,1.541190089573269,2.2114970315870264,3.524659502051964,6.116389354848053
CORE_B,net_target_R,LOSS,155,3.8055136638953524,1.1532525222686814,2.0741594071640925,3.295500811402614,4.894124073779558,8.597490377618282
CORE_C,net_target_R,WIN,1569,1.8093803094722558,0.1462792133697858,0.5317254475510458,1.0854345363113866,2.161396581141269,5.9427152638332155
CORE_C,net_target_R,LOSS,4524,3.9292088679619366,0.36091688069839645,1.2930048344901448,2.5886714445963612,4.870369874816842,12.050630533286366
ALL,original_SL,WIN,2370,8639.276561734177,0.09553050000000002,1.4207250000000002,46.13000000000001,642.6000000000001,71726.005
ALL,original_SL,LOSS,7326,8018.887114642371,0.09538000000000002,1.4158999999999997,11.894000000000002,641.4749999999999,72408.77500000001
CORE_A,original_SL,WIN,323,10774.657435510835,0.09763300000000001,1.4432999999999998,53.57000000000001,1996.79,70922.75000000001
CORE_A,original_SL,LOSS,535,10181.048080411216,0.09365999999999998,8.6055,10.518000000000002,666.5999999999999,74976.66999999998
CORE_B,original_SL,WIN,55,9192.632521636364,0.093721,8.260999999999997,67.30999999999999,1818.3349999999998,69153.52999999998
CORE_B,original_SL,LOSS,155,8619.203106903225,0.0946,1.3301999999999998,11.743000000000002,1289.9300000000003,70956.84999999998
CORE_C,original_SL,WIN,1569,8514.451924792862,0.0964,1.4230000000000003,51.11999999999999,641.7000000000002,72958.99999999999
CORE_C,original_SL,LOSS,4524,8091.457766162688,0.09573300000000001,1.4089999999999998,50.39999999999999,638.8,73268.00000000001
ALL,physical_family_count,WIN,2370,1.1156118143459917,1.0,1.0,1.0,1.0,2.0
ALL,physical_family_count,LOSS,7326,1.147147147147147,1.0,1.0,1.0,1.0,2.0
CORE_A,physical_family_count,WIN,323,1.0464396284829722,1.0,1.0,1.0,1.0,1.0
CORE_A,physical_family_count,LOSS,535,1.0822429906542057,1.0,1.0,1.0,1.0,2.0
CORE_B,physical_family_count,WIN,55,1.0727272727272728,1.0,1.0,1.0,1.0,2.0
CORE_B,physical_family_count,LOSS,155,1.0258064516129033,1.0,1.0,1.0,1.0,1.0
CORE_C,physical_family_count,WIN,1569,1.135755258126195,1.0,1.0,1.0,1.0,2.0
CORE_C,physical_family_count,LOSS,4524,1.1735190097259063,1.0,1.0,1.0,1.0,2.0
ALL,planned_risk,WIN,2370,23.4,23.400000000000002,23.400000000000002,23.400000000000002,23.400000000000002,23.400000000000002
ALL,planned_risk,LOSS,7326,23.399999999999995,23.400000000000002,23.400000000000002,23.400000000000002,23.400000000000002,23.400000000000002
CORE_A,planned_risk,WIN,323,23.400000000000002,23.400000000000002,23.400000000000002,23.400000000000002,23.400000000000002,23.400000000000002
CORE_A,planned_risk,LOSS,535,23.4,23.400000000000002,23.400000000000002,23.400000000000002,23.400000000000002,23.400000000000002
CORE_B,planned_risk,WIN,55,23.400000000000013,23.400000000000002,23.400000000000002,23.400000000000002,23.400000000000002,23.400000000000002
CORE_B,planned_risk,LOSS,155,23.400000000000006,23.400000000000002,23.400000000000002,23.400000000000002,23.400000000000002,23.400000000000002
CORE_C,planned_risk,WIN,1569,23.4,23.400000000000002,23.400000000000002,23.400000000000002,23.400000000000002,23.400000000000002
CORE_C,planned_risk,LOSS,4524,23.400000000000006,23.400000000000002,23.400000000000002,23.400000000000002,23.400000000000002,23.400000000000002
ALL,protected_level,WIN,2369,8642.403954136766,0.095288,1.4217,46.13,642.9,71580.51999999999
ALL,protected_level,LOSS,7325,8022.7278201051195,0.09540000000000001,1.4154,11.885,642.2,72277.26
CORE_A,protected_level,WIN,323,10814.473316532507,0.097315,1.4577,53.56,1977.83,71327.45
CORE_A,protected_level,LOSS,535,10196.782482822431,0.094448,8.56,10.568,676.0,74837.11999999995
CORE_B,protected_level,WIN,55,9235.037095818183,0.094585,8.2715,66.27,1825.4850000000001,70037.65
CORE_B,protected_level,LOSS,155,8641.463609935483,0.09257,1.3347,11.601,1282.0349999999999,70369.73
CORE_C,protected_level,WIN,1569,8505.787155551307,0.095914,1.4219,51.48,640.3,72159.21999999996
CORE_C,protected_level,LOSS,4524,8092.438373488064,0.09549049999999999,1.4093499999999999,50.91,639.8249999999999,73405.19499999993
ALL,raid_to_BOS_seconds,WIN,1944,17809.413580246914,300.0,1200.0,2700.0,7800.0,29654.99999999997
ALL,raid_to_BOS_seconds,LOSS,5959,6799.160933042457,300.0,1200.0,2400.0,6000.0,21600.0
CORE_A,raid_to_BOS_seconds,WIN,31,19819.354838709678,1050.0,3300.0,12300.0,21000.0,74250.0
CORE_A,raid_to_BOS_seconds,LOSS,120,14785.0,1200.0,5400.0,11250.0,19575.0,40589.99999999999
CORE_B,raid_to_BOS_seconds,WIN,36,31425.0,2700.0,6300.0,18900.0,40500.0,85500.0
CORE_B,raid_to_BOS_seconds,LOSS,95,30931.57894736842,1800.0,5400.0,10800.0,41400.0,118709.99999999997
CORE_C,raid_to_BOS_seconds,WIN,1563,7096.928982725528,300.0,1200.0,2700.0,7500.0,23369.99999999996
CORE_C,raid_to_BOS_seconds,LOSS,4497,5048.765843895931,0.0,900.0,2400.0,5400.0,17400.0
ALL,range_context_age_bars,WIN,48,1.5538194444444446,0.0,0.4791666666666667,1.2916666666666665,2.1458333333333335,3.720833333333333
ALL,range_context_age_bars,LOSS,122,1.6678620218579234,0.0,0.6666666666666666,1.4166666666666667,2.6666666666666665,3.4979166666666663
CORE_A,range_context_age_bars,WIN,0,,,,,,
CORE_A,range_context_age_bars,LOSS,0,,,,,,
CORE_B,range_context_age_bars,WIN,1,2.0,2.0,2.0,2.0,2.0,2.0
CORE_B,range_context_age_bars,LOSS,0,,,,,,
CORE_C,range_context_age_bars,WIN,44,1.551136363636364,0.0,0.4791666666666667,1.25,2.3333333333333335,3.7375000000000003
CORE_C,range_context_age_bars,LOSS,115,1.632427536231884,0.0,0.6666666666666666,1.4166666666666667,2.6666666666666665,3.470833333333333
ALL,range_context_width,WIN,48,155.06799145833273,0.0028349999999999877,0.09724999999999939,0.7650000000000006,16.292500000000103,1017.4899999999973
ALL,range_context_width,LOSS,122,62.276456803278805,0.0013110000000000227,0.03395000000000015,0.41499999999999915,11.402499999999918,388.1800000000001
CORE_A,range_context_width,WIN,0,,,,,,
CORE_A,range_context_width,LOSS,0,,,,,,
CORE_B,range_context_width,WIN,1,0.9500000000000028,0.9500000000000028,0.9500000000000028,0.9500000000000028,0.9500000000000028,0.9500000000000028
CORE_B,range_context_width,LOSS,0,,,,,,
CORE_C,range_context_width,WIN,44,115.01798840909038,0.004244999999999985,0.09724999999999939,0.7650000000000006,16.292500000000103,712.6899999999953
CORE_C,range_context_width,LOSS,115,65.97142982608709,0.0013000000000000151,0.039300000000000335,0.46999999999999886,13.875,404.0300000000016
ALL,range_opposite_boundary_distance,WIN,48,115.81810437500002,0.000600499999999994,0.03436249999999935,0.47750000000000625,16.820000000000164,596.8200000000018
ALL,range_opposite_boundary_distance,LOSS,122,64.35924606557371,0.000826750000000006,0.020025000000000015,0.37750000000016115,11.537500000000023,356.91249999999934
CORE_A,range_opposite_boundary_distance,WIN,0,,,,,,
CORE_A,range_opposite_boundary_distance,LOSS,0,,,,,,
CORE_B,range_opposite_boundary_distance,WIN,1,0.740000000000002,0.740000000000002,0.740000000000002,0.740000000000002,0.740000000000002,0.740000000000002
CORE_B,range_opposite_boundary_distance,LOSS,0,,,,,,
CORE_C,range_opposite_boundary_distance,WIN,44,78.5428843181819,0.0005944999999999937,0.03436249999999935,0.45625000000000693,16.820000000000164,499.7875000000001
CORE_C,range_opposite_boundary_distance,LOSS,115,68.23627495652168,0.0008495000000000016,0.022850000000000037,0.46999999999999886,13.0625,402.1249999999996
ALL,range_reclaim_distance_width,WIN,48,0.3306303853413038,-0.10175012039077677,0.10944444444444382,0.27474157013604034,0.4033583603896179,0.8590162321692132
ALL,range_reclaim_distance_width,LOSS,122,0.17573391178667497,-0.24076037106524978,0.05069398178991537,0.1712068965517155,0.3864951264901584,0.8757729635383728
CORE_A,range_reclaim_distance_width,WIN,0,,,,,,
CORE_A,range_reclaim_distance_width,LOSS,0,,,,,,
CORE_B,range_reclaim_distance_width,WIN,1,0.8736842105263188,0.8736842105263188,0.8736842105263188,0.8736842105263188,0.8736842105263188,0.8736842105263188
CORE_B,range_reclaim_distance_width,LOSS,0,,,,,,
CORE_C,range_reclaim_distance_width,WIN,44,0.32589171888312457,-0.11433776681242887,0.08444444444443976,0.27474157013604034,0.4033583603896179,0.8071702468402554
CORE_C,range_reclaim_distance_width,LOSS,115,0.16153579118524908,-0.25477950154420675,0.05075505218742841,0.1699999999999849,0.363574879227053,0.8720764524234234
ALL,recent_range_context,WIN,2370,0.020253164556962026,0.0,0.0,0.0,0.0,0.0
ALL,recent_range_context,LOSS,7326,0.016653016653016654,0.0,0.0,0.0,0.0,0.0
CORE_A,recent_range_context,WIN,323,0.0,0.0,0.0,0.0,0.0,0.0
CORE_A,recent_range_context,LOSS,535,0.0,0.0,0.0,0.0,0.0,0.0
CORE_B,recent_range_context,WIN,55,0.01818181818181818,0.0,0.0,0.0,0.0,0.0
CORE_B,recent_range_context,LOSS,155,0.0,0.0,0.0,0.0,0.0,0.0
CORE_C,recent_range_context,WIN,1569,0.02804333970681963,0.0,0.0,0.0,0.0,0.0
CORE_C,recent_range_context,LOSS,4524,0.02541998231653404,0.0,0.0,0.0,0.0,0.0
ALL,retracement,WIN,2370,0.09999613784027879,-1.8865591818040417,0.05283846408474848,0.45685991896603384,0.6568477123823132,1.0399226457514172
ALL,retracement,LOSS,7326,0.40458910611329507,-0.8449138618214795,0.31250000000000633,0.5548129161926179,0.7344617884036944,1.0
CORE_A,retracement,WIN,323,-0.8101667718949352,-5.0084854334854745,-1.4185767740425783,-0.2435847336199022,0.4901807096121225,1.194820932749777
CORE_A,retracement,LOSS,535,-0.58019493646459,-4.804734065527203,-0.9188322368421097,-0.018984417657193393,0.4292615596963468,1.1168035096192503
CORE_B,retracement,WIN,55,2.388336673013043,1.0893644587783045,1.2649046906808379,1.8253029022259832,2.506398929649889,5.48824870781385
CORE_B,retracement,LOSS,155,2.775514640218266,1.1047337143894096,1.5233313198429395,2.1237623762376163,3.324243012422361,7.783120204603665
CORE_C,retracement,WIN,1569,0.1815705786686127,-1.0912014563106822,0.08762649494015119,0.4035087719298289,0.5833333333333334,0.8849525802573531
CORE_C,retracement,LOSS,4524,0.38860827009486393,-0.4542374528551607,0.2799152542372904,0.5,0.689220612400063,0.9375000000000064
ALL,strong_range_context,WIN,2370,0.043037974683544304,0.0,0.0,0.0,0.0,0.0
ALL,strong_range_context,LOSS,7326,0.03781053781053781,0.0,0.0,0.0,0.0,0.0
CORE_A,strong_range_context,WIN,323,0.0030959752321981426,0.0,0.0,0.0,0.0,0.0
CORE_A,strong_range_context,LOSS,535,0.001869158878504673,0.0,0.0,0.0,0.0,0.0
CORE_B,strong_range_context,WIN,55,1.0,1.0,1.0,1.0,1.0,1.0
CORE_B,strong_range_context,LOSS,155,1.0,1.0,1.0,1.0,1.0,1.0
CORE_C,strong_range_context,WIN,1569,0.02995538559592097,0.0,0.0,0.0,0.0,0.0
CORE_C,strong_range_context,LOSS,4524,0.026083112290008842,0.0,0.0,0.0,0.0,0.0
ALL,structural_confirmation_count,WIN,2370,1.5890295358649789,1.0,1.0,1.0,2.0,3.0
ALL,structural_confirmation_count,LOSS,7326,1.7126672126672127,1.0,1.0,1.0,3.0,3.0
CORE_A,structural_confirmation_count,WIN,323,2.0959752321981426,2.0,2.0,2.0,2.0,3.0
CORE_A,structural_confirmation_count,LOSS,535,2.2242990654205608,2.0,2.0,2.0,2.0,3.0
CORE_B,structural_confirmation_count,WIN,55,0.6909090909090909,0.0,0.0,1.0,1.0,1.0
CORE_B,structural_confirmation_count,LOSS,155,0.6258064516129033,0.0,0.0,1.0,1.0,1.0
CORE_C,structural_confirmation_count,WIN,1569,1.2026768642447419,1.0,1.0,1.0,1.0,3.0
CORE_C,structural_confirmation_count,LOSS,4524,1.278735632183908,1.0,1.0,1.0,1.0,3.0
ALL,structure_age_bars,WIN,2370,2.739662447257384,0.0,0.0,0.0,0.0,14.549999999999727
ALL,structure_age_bars,LOSS,7326,2.7594867594867596,0.0,0.0,0.0,0.0,11.0
CORE_A,structure_age_bars,WIN,323,2.0897832817337463,0.0,0.0,0.0,0.0,13.899999999999977
CORE_A,structure_age_bars,LOSS,535,3.925233644859813,0.0,0.0,0.0,0.0,19.299999999999955
CORE_B,structure_age_bars,WIN,55,15.745454545454546,0.0,0.0,7.0,13.5,68.69999999999992
CORE_B,structure_age_bars,LOSS,155,39.81935483870968,0.0,2.0,13.0,29.5,164.9999999999995
CORE_C,structure_age_bars,WIN,1569,1.277246653919694,0.0,0.0,0.0,0.0,5.0
CORE_C,structure_age_bars,LOSS,4524,0.5888594164456233,0.0,0.0,0.0,0.0,1.0
ALL,sweep_ATR,WIN,2370,0.6518457388119522,0.0482372888587813,0.17193446541747,0.36646490691030575,0.7199705311095943,1.939668475237903
ALL,sweep_ATR,LOSS,7326,0.529784408891044,0.049689369471659015,0.16449423405243374,0.34742890317086794,0.6657805549480955,1.5581546992732163
CORE_A,sweep_ATR,WIN,323,0.2604184398198167,0.03031044373841627,0.10108074726285349,0.1820533302370801,0.3588394845752241,0.7090912485251791
CORE_A,sweep_ATR,LOSS,535,0.2895915893219398,0.03225311097437115,0.09766484413086635,0.20572743428093815,0.37555430203409146,0.904654055121757
CORE_B,sweep_ATR,WIN,55,0.4745204859245413,0.03561934205571019,0.1563044585969475,0.26982439212785225,0.6128237501421328,1.3208156276714467
CORE_B,sweep_ATR,LOSS,155,0.3670575318742278,0.03943655581616252,0.1315276043342154,0.25819590709603246,0.5035525286182805,1.0746520784944367
CORE_C,sweep_ATR,WIN,1569,0.7193624296210814,0.06031723813198627,0.2185894948093924,0.45458857675054753,0.8629144989879678,2.3680933784428406
CORE_C,sweep_ATR,LOSS,4524,0.6476095325408594,0.06224105388402901,0.21103217717462416,0.4389166050892067,0.8255099359615266,1.8455566539197812
ALL,sweep_range,WIN,2370,0.20683103786343526,0.02155230978259201,0.06944011319010086,0.15151515151513,0.2750000000000008,0.5340276293708688
ALL,sweep_range,LOSS,7326,0.19108593021521902,0.02094017398520127,0.07191373801916824,0.14705882352940025,0.260869565217404,0.4999999999999012
CORE_A,sweep_range,WIN,323,0.2910349005061571,0.027898550724635533,0.08874824191279837,0.18518518518516044,0.3851141552511419,0.847142857142842
CORE_A,sweep_range,LOSS,535,0.30104092496218016,0.02757979740056949,0.08315752461321557,0.1860215053763424,0.3944319387722142,0.9598501914845787
CORE_B,sweep_range,WIN,55,0.28674286192914744,0.021313010376370883,0.07895844401360858,0.12417428861788664,0.25634206219311884,0.9929122391092664
CORE_B,sweep_range,LOSS,155,0.2012015862564672,0.014690923427072074,0.05836200743627204,0.12549019607842593,0.2422743546259633,0.6353754940711538
CORE_C,sweep_range,WIN,1569,0.18976001040845436,0.021985447584782446,0.07017543859647811,0.15094339622643435,0.27365728900257036,0.48712737127371536
CORE_C,sweep_range,LOSS,4524,0.18442463716697355,0.022222222222227635,0.07692307692307429,0.15000000000000888,0.2620800130258194,0.46153846153845496
ALL,sweep_size,WIN,2370,11.61957805485231,9.999999999998899e-05,0.0012000000000000899,0.022499999999999964,0.5,69.68500000000112
ALL,sweep_size,LOSS,7326,8.941226186186169,7.999999999999674e-05,0.001084999999999968,0.01999999999999602,0.39999999999997726,47.375
CORE_A,sweep_size,WIN,323,8.94811953560377,9.999999999998899e-05,0.0009999999999994458,0.020000000000010232,0.8249999999999318,58.90000000000873
CORE_A,sweep_size,LOSS,535,5.81642766355117,4.70000000000054e-05,0.0019499999999994522,0.01999999999999602,0.4000000000000341,36.27999999999513
CORE_B,sweep_size,WIN,55,13.08576890909085,0.00021199999999999277,0.0072500000000001175,0.10000000000002274,1.9950000000000045,91.08000000000028
CORE_B,sweep_size,LOSS,155,10.044695032258009,9.999999999998899e-05,0.0009500000000000064,0.030000000000001137,0.9199999999999022,65.95999999999313
CORE_C,sweep_size,WIN,1569,13.214131586998095,9.999999999998899e-05,0.0016999999999999793,0.02999999999999936,0.5900000000000034,80.49999999999682
CORE_C,sweep_size,LOSS,4524,11.596743300176843,9.999999999998899e-05,0.0012000000000000899,0.0259999999999998,0.5,67.65499999999649
ALL,swept_pool_role_unmatched_count,WIN,2370,1.761603375527426,1.0,1.0,1.0,2.0,4.0
ALL,swept_pool_role_unmatched_count,LOSS,7326,1.642096642096642,1.0,1.0,1.0,2.0,4.0
CORE_A,swept_pool_role_unmatched_count,WIN,323,1.3962848297213621,1.0,1.0,1.0,2.0,3.0
CORE_A,swept_pool_role_unmatched_count,LOSS,535,1.4018691588785046,1.0,1.0,1.0,2.0,3.0
CORE_B,swept_pool_role_unmatched_count,WIN,55,1.6181818181818182,1.0,1.0,1.0,2.0,4.0
CORE_B,swept_pool_role_unmatched_count,LOSS,155,1.5419354838709678,1.0,1.0,1.0,2.0,3.0
CORE_C,swept_pool_role_unmatched_count,WIN,1569,1.910133843212237,1.0,1.0,1.0,2.0,5.0
CORE_C,swept_pool_role_unmatched_count,LOSS,4524,1.8039345711759505,1.0,1.0,1.0,2.0,4.0
ALL,target_SL_ratio,WIN,2370,3.304463737316236,0.3799275078369941,0.9956906269855861,1.9023560049529287,3.7658979189539155,10.261931273862256
ALL,target_SL_ratio,LOSS,7326,9.642953218166532,0.9310344827586144,2.5159575043251308,4.999999999999574,10.090707198891616,29.547246451168995
CORE_A,target_SL_ratio,WIN,323,1.8701309033269957,0.35112449799196305,0.7336653161571844,1.287878787878778,2.280619126819074,5.649122807017497
CORE_A,target_SL_ratio,LOSS,535,5.059967021508814,0.6153472841528829,1.3797202797202623,2.723404255319047,5.780478395061669,17.448654621081896
CORE_B,target_SL_ratio,WIN,55,3.8396146167895493,0.45655405405405153,2.0713273081693826,3.012499999999848,5.037142824258694,8.704272846773925
CORE_B,target_SL_ratio,LOSS,155,5.719664761619372,1.6216151188904924,3.1675060767404553,4.947368421052326,7.188740782756359,12.140871057712047
CORE_C,target_SL_ratio,WIN,1569,3.2179360224783418,0.40153452685422175,1.002597709292625,1.8529411764705666,3.58064516128992,9.253479853478748
CORE_C,target_SL_ratio,LOSS,4524,7.851320281849673,0.9007816925341302,2.2499999999996776,4.3330137424093635,8.158961593171284,21.964269499142272
ALL,target_distance_pct,WIN,2370,0.01705208207704112,0.0028122833229745573,0.006100620359357255,0.011386038090577123,0.02151999316441537,0.05123308924751981
ALL,target_distance_pct,LOSS,7326,0.0274437677225494,0.0036912722508874486,0.009756841785410923,0.01897499185036385,0.03502119841429957,0.08059117294866283
CORE_A,target_distance_pct,WIN,323,0.024013835203135585,0.005131878944374927,0.009696770810794259,0.017489930040279975,0.032429148778991876,0.06616333321549321
CORE_A,target_distance_pct,LOSS,535,0.042555331457037285,0.006409432717257096,0.015276831526257785,0.029098299419890738,0.05322180096146696,0.129873727053899
CORE_B,target_distance_pct,WIN,55,0.026054057339484165,0.007118309414102566,0.012447841310450703,0.020330916028054567,0.03384639760012913,0.06178485855136556
CORE_B,target_distance_pct,LOSS,155,0.029247802255434857,0.005849640511035302,0.012664887261215584,0.022817025010969768,0.03786496890585857,0.07208550612932313
CORE_C,target_distance_pct,WIN,1569,0.01524856470616733,0.002628806553240442,0.005478463806203411,0.009928422996998377,0.01855537030065068,0.04702578249001656
CORE_C,target_distance_pct,LOSS,4524,0.02379326575252793,0.0034476670446376887,0.008901633126517795,0.016411357828331804,0.03083888945601104,0.06748095527119223
ALL,target_price,WIN,2370,8652.800388594937,0.095197,1.420675,45.61,642.2,72728.76499999996
ALL,target_price,LOSS,7326,8051.462347493857,0.09632,1.414725,11.92,645.6,72962.3
CORE_A,target_price,WIN,323,10878.035019659443,0.09938599999999999,1.4693,53.71,1864.9250000000002,72707.86999999998
CORE_A,target_price,LOSS,535,10259.622712261682,0.09624,8.303,11.191,702.8,75529.38999999997
CORE_B,target_price,WIN,55,9296.826702909091,0.09677399999999999,8.6595,63.760000000000005,1912.61,70492.44999999998
CORE_B,target_price,LOSS,155,8684.23101716129,0.09355100000000001,1.2855000000000003,11.547,1272.7,71362.92999999996
CORE_C,target_price,WIN,1569,8514.966199821542,0.095354,1.42,51.48,640.5,73137.34
CORE_C,target_price,LOSS,4524,8119.628914297084,0.09653,1.4057,50.665,640.9,73510.29499999997
ALL,test_count,WIN,2370,0.0,0.0,0.0,0.0,0.0,0.0
ALL,test_count,LOSS,7326,0.0,0.0,0.0,0.0,0.0,0.0
CORE_A,test_count,WIN,323,0.0,0.0,0.0,0.0,0.0,0.0
CORE_A,test_count,LOSS,535,0.0,0.0,0.0,0.0,0.0,0.0
CORE_B,test_count,WIN,55,0.0,0.0,0.0,0.0,0.0,0.0
CORE_B,test_count,LOSS,155,0.0,0.0,0.0,0.0,0.0,0.0
CORE_C,test_count,WIN,1569,0.0,0.0,0.0,0.0,0.0,0.0
CORE_C,test_count,LOSS,4524,0.0,0.0,0.0,0.0,0.0,0.0
ALL,true_external_POI,WIN,2370,0.02278481012658228,0.0,0.0,0.0,0.0,0.0
ALL,true_external_POI,LOSS,7326,0.021021021021021023,0.0,0.0,0.0,0.0,0.0
CORE_A,true_external_POI,WIN,323,0.0,0.0,0.0,0.0,0.0,0.0
CORE_A,true_external_POI,LOSS,535,0.0,0.0,0.0,0.0,0.0,0.0
CORE_B,true_external_POI,WIN,55,0.9818181818181818,1.0,1.0,1.0,1.0,1.0
CORE_B,true_external_POI,LOSS,155,0.9935483870967742,1.0,1.0,1.0,1.0,1.0
CORE_C,true_external_POI,WIN,1569,0.0019120458891013384,0.0,0.0,0.0,0.0,0.0
CORE_C,true_external_POI,LOSS,4524,0.000663129973474801,0.0,0.0,0.0,0.0,0.0
ALL,weekday,WIN,2370,2.822362869198312,0.0,1.0,3.0,4.0,6.0
ALL,weekday,LOSS,7326,2.9507234507234505,0.0,1.0,3.0,5.0,6.0
CORE_A,weekday,WIN,323,3.1052631578947367,0.0,2.0,3.0,5.0,6.0
CORE_A,weekday,LOSS,535,2.897196261682243,0.0,1.0,3.0,5.0,6.0
CORE_B,weekday,WIN,55,2.8,0.0,1.0,2.0,4.0,6.0
CORE_B,weekday,LOSS,155,2.7870967741935484,0.0,1.0,3.0,5.0,6.0
CORE_C,weekday,WIN,1569,2.7144678138942,0.0,1.0,3.0,4.0,6.0
CORE_C,weekday,LOSS,4524,2.882183908045977,0.0,1.0,3.0,5.0,6.0
ALL,zone_age_bars,WIN,2370,1.5523206751054852,0.0,0.0,0.0,0.0,7.0
ALL,zone_age_bars,LOSS,7326,2.243789243789244,0.0,0.0,0.0,0.0,5.0
CORE_A,zone_age_bars,WIN,323,2.0557275541795668,0.0,0.0,0.0,0.0,13.899999999999977
CORE_A,zone_age_bars,LOSS,535,3.925233644859813,0.0,0.0,0.0,0.0,19.299999999999955
CORE_B,zone_age_bars,WIN,55,15.745454545454546,0.0,0.0,7.0,13.5,68.69999999999992
CORE_B,zone_age_bars,LOSS,155,39.81935483870968,0.0,2.0,13.0,29.5,164.9999999999995
CORE_C,zone_age_bars,WIN,1569,0.5219885277246654,0.0,0.0,0.0,0.0,0.0
CORE_C,zone_age_bars,LOSS,4524,0.17904509283819628,0.0,0.0,0.0,0.0,0.0
ALL,zone_age_seconds,WIN,2370,1075.8227848101267,0.0,0.0,0.0,0.0,3600.0
ALL,zone_age_seconds,LOSS,7326,1976.3308763308764,0.0,0.0,0.0,0.0,2100.0
CORE_A,zone_age_seconds,WIN,323,1147.9876160990711,0.0,0.0,0.0,0.0,6869.999999999993
CORE_A,zone_age_seconds,LOSS,535,1437.196261682243,0.0,0.0,0.0,0.0,11700.0
CORE_B,zone_age_seconds,WIN,55,24283.636363636364,0.0,0.0,6300.0,32400.0,99540.0
CORE_B,zone_age_seconds,LOSS,155,69683.2258064516,0.0,1800.0,13500.0,50400.0,289889.9999999996
CORE_C,zone_age_seconds,WIN,1569,208.60420650095602,0.0,0.0,0.0,0.0,0.0
CORE_C,zone_age_seconds,LOSS,4524,53.713527851458885,0.0,0.0,0.0,0.0,0.0
