candidate_name,CLOSED,WIN,LOSS,BE,WR,WR_CI_low,WR_CI_high,PF,Expectancy,AvgR,NetPnL,GrossPnL,fees,slippage,MaxDrawdown_case_sum,AvgWin,AvgLoss,Payoff,Average_holding_seconds,trades_per_month,cost_multiplier
A,3267,789,2478,0,0.24150596877869604,0.2271388405754206,0.2564802766260071,0.6277051810500474,-6.544736526748911,-0.2796895951602098,-21381.65423288869,3244.611465672689,18469.6991765832,6156.566521978177,22562.017507317592,45.69124794525213,23.17677516613907,1.9714238766058523,23948.11753902663,2035.1422683342807,1.0
A,3267,758,2509,0,0.2320171411080502,0.21786226251043794,0.24680148776765554,0.5017795286394914,-10.313678323284169,-0.4407554839010328,-33694.78708216938,3244.611465672689,27704.5487648748,9234.849782967265,34047.511228537864,44.76977190208889,26.95507141648177,1.660903479362116,23948.11753902663,2035.1422683342807,1.5
A,3267,721,2546,0,0.2206917661463116,0.20680366131856048,0.23523594134135994,0.4100090856599148,-14.082620119819426,-0.6018213726418558,-46007.919931450066,3244.611465672689,36939.3983531664,12313.133043956354,46007.91993145007,44.34508492971715,30.628721981844517,1.4478268128850804,23948.11753902663,2035.1422683342807,2.0
A_PLUS,476,147,329,0,0.3088235294117647,0.26898776101374844,0.3517202944191832,0.9962124444068106,-0.06125814178514522,-0.0026178693070575063,-29.158875489729127,1213.9816794619078,932.3553797943039,310.7851751573331,1186.9472574046695,52.17306887421954,23.400000000000002,2.2296183279580997,66972.47899159664,296.51904491188174,1.0
A_PLUS,476,147,329,0,0.3088235294117647,0.26898776101374844,0.3517202944191832,0.9201535840302191,-1.3670780524486295,-0.058422138993531166,-650.7291529655477,1213.9816794619078,1398.5330696914557,466.17776273599964,1390.0037592515805,51.01381749696767,24.771307978783568,2.0593913547343,66972.47899159664,296.51904491188174,1.5
A_PLUS,476,147,329,0,0.3088235294117647,0.26898776101374844,0.3517202944191832,0.8520740415811754,-2.6728979631121135,-0.11422640868000483,-1272.299430441366,1213.9816794619078,1864.7107595886077,621.5703503146661,1623.5871011617037,49.8545661197158,26.142615957567138,1.9070228549673927,66972.47899159664,296.51904491188174,2.0
BEST_DETERMINISTIC,297,116,181,0,0.39057239057239057,0.3368215805096625,0.44711777327886926,0.8992241374345326,-1.4371248764639086,-0.061415593011278156,-426.82608830978086,281.1318010844273,530.9684086117177,176.98948078249055,617.8667285379381,32.832533721467414,23.400000000000002,1.4030997316866414,49347.47474747475,185.01293348493462,1.0
BEST_DETERMINISTIC,297,115,182,0,0.3872053872053872,0.3335831530522418,0.4437081808528602,0.8249006880811766,-2.628973175107357,-0.11234928098749387,-780.805033006885,281.1318010844273,796.4526129175765,265.4842211737358,893.6573882823349,31.986151517271296,24.5011673488631,1.3054950020067315,49347.47474747475,185.01293348493462,1.5
BEST_DETERMINISTIC,297,108,189,0,0.36363636363636365,0.31099145243224213,0.41976374228885127,0.7579626999625615,-3.8208214737508053,-0.1632829689637096,-1134.7839777039892,281.1318010844273,1061.9368172234354,353.9789615649811,1196.7440222785406,32.90447563101064,24.806705533614487,1.3264347249344826,49347.47474747475,185.01293348493462,2.0
BEST_META,297,201,96,0,0.6767676767676768,0.6216109514257342,0.7274100924543301,1.0042656639746836,0.031928956107169434,0.0013644853037251827,9.482899963829322,755.4339929939333,559.4632971095727,186.48779592053123,312.21136134070633,11.107263757706777,23.15705328474201,0.4796492723461176,36779.79797979798,185.01293348493462,1.0
BEST_META,297,195,102,0,0.6565656565656566,0.6008705272386515,0.7082623973408338,0.8462657876937624,-1.2238809648189315,-0.05230260533414237,-363.49264655122266,755.4339929939333,839.1949456643591,279.73169388079685,487.9719609578239,10.261179267841245,23.18061376255162,0.44266210433212183,36779.79797979798,185.01293348493462,1.5
BEST_META,297,183,114,0,0.6161616161616161,0.5597041443315044,0.6696525416468234,0.7078948183964772,-2.4796908857450326,-0.10596969597200992,-736.4681930662747,755.4339929939333,1118.9265942191455,372.97559184106245,829.6673693697034,9.752868708207599,22.116168128668992,0.4409836573617399,36779.79797979798,185.01293348493462,2.0
TOP,476,147,329,0,0.3088235294117647,0.26898776101374844,0.3517202944191832,0.9962124444068106,-0.06125814178514522,-0.0026178693070575063,-29.158875489729127,1213.9816794619078,932.3553797943039,310.7851751573331,1186.9472574046695,52.17306887421954,23.400000000000002,2.2296183279580997,66972.47899159664,296.51904491188174,1.0
TOP,476,147,329,0,0.3088235294117647,0.26898776101374844,0.3517202944191832,0.9201535840302191,-1.3670780524486295,-0.058422138993531166,-650.7291529655477,1213.9816794619078,1398.5330696914557,466.17776273599964,1390.0037592515805,51.01381749696767,24.771307978783568,2.0593913547343,66972.47899159664,296.51904491188174,1.5
TOP,476,147,329,0,0.3088235294117647,0.26898776101374844,0.3517202944191832,0.8520740415811754,-2.6728979631121135,-0.11422640868000483,-1272.299430441366,1213.9816794619078,1864.7107595886077,621.5703503146661,1623.5871011617037,49.8545661197158,26.142615957567138,1.9070228549673927,66972.47899159664,296.51904491188174,2.0
