cohort,symbol,period,regime,volatility,complete_daily_observations,calendar_coverage_not_a_strategy_signal_count
bybit,BTCUSDT,REFERENCE,BULL,LOW,11,True
bybit,BTCUSDT,REFERENCE,BULL,MEDIUM,250,True
bybit,BTCUSDT,REFERENCE,BULL,HIGH,22,True
bybit,BTCUSDT,REFERENCE,BULL,UNKNOWN,0,True
bybit,BTCUSDT,REFERENCE,BEAR,LOW,12,True
bybit,BTCUSDT,REFERENCE,BEAR,MEDIUM,154,True
bybit,BTCUSDT,REFERENCE,BEAR,HIGH,122,True
bybit,BTCUSDT,REFERENCE,BEAR,UNKNOWN,0,True
bybit,BTCUSDT,REFERENCE,SIDEWAYS,LOW,143,True
bybit,BTCUSDT,REFERENCE,SIDEWAYS,MEDIUM,262,True
bybit,BTCUSDT,REFERENCE,SIDEWAYS,HIGH,45,True
bybit,BTCUSDT,REFERENCE,SIDEWAYS,UNKNOWN,0,True
bybit,BTCUSDT,REFERENCE,UNKNOWN,LOW,0,True
bybit,BTCUSDT,REFERENCE,UNKNOWN,MEDIUM,0,True
bybit,BTCUSDT,REFERENCE,UNKNOWN,HIGH,0,True
bybit,BTCUSDT,REFERENCE,UNKNOWN,UNKNOWN,0,True
bybit,BTCUSDT,VALIDATION,BULL,LOW,24,True
bybit,BTCUSDT,VALIDATION,BULL,MEDIUM,91,True
bybit,BTCUSDT,VALIDATION,BULL,HIGH,11,True
bybit,BTCUSDT,VALIDATION,BULL,UNKNOWN,0,True
bybit,BTCUSDT,VALIDATION,BEAR,LOW,8,True
bybit,BTCUSDT,VALIDATION,BEAR,MEDIUM,23,True
bybit,BTCUSDT,VALIDATION,BEAR,HIGH,0,True
bybit,BTCUSDT,VALIDATION,BEAR,UNKNOWN,0,True
bybit,BTCUSDT,VALIDATION,SIDEWAYS,LOW,28,True
bybit,BTCUSDT,VALIDATION,SIDEWAYS,MEDIUM,154,True
bybit,BTCUSDT,VALIDATION,SIDEWAYS,HIGH,1,True
bybit,BTCUSDT,VALIDATION,SIDEWAYS,UNKNOWN,0,True
bybit,BTCUSDT,VALIDATION,UNKNOWN,LOW,0,True
bybit,BTCUSDT,VALIDATION,UNKNOWN,MEDIUM,0,True
bybit,BTCUSDT,VALIDATION,UNKNOWN,HIGH,0,True
bybit,BTCUSDT,VALIDATION,UNKNOWN,UNKNOWN,0,True
bybit,BTCUSDT,HOLDOUT,BULL,LOW,40,True
bybit,BTCUSDT,HOLDOUT,BULL,MEDIUM,20,True
bybit,BTCUSDT,HOLDOUT,BULL,HIGH,0,True
bybit,BTCUSDT,HOLDOUT,BULL,UNKNOWN,0,True
bybit,BTCUSDT,HOLDOUT,BEAR,LOW,6,True
bybit,BTCUSDT,HOLDOUT,BEAR,MEDIUM,48,True
bybit,BTCUSDT,HOLDOUT,BEAR,HIGH,0,True
bybit,BTCUSDT,HOLDOUT,BEAR,UNKNOWN,0,True
bybit,BTCUSDT,HOLDOUT,SIDEWAYS,LOW,119,True
bybit,BTCUSDT,HOLDOUT,SIDEWAYS,MEDIUM,108,True
bybit,BTCUSDT,HOLDOUT,SIDEWAYS,HIGH,0,True
bybit,BTCUSDT,HOLDOUT,SIDEWAYS,UNKNOWN,0,True
bybit,BTCUSDT,HOLDOUT,UNKNOWN,LOW,0,True
bybit,BTCUSDT,HOLDOUT,UNKNOWN,MEDIUM,0,True
bybit,BTCUSDT,HOLDOUT,UNKNOWN,HIGH,0,True
bybit,BTCUSDT,HOLDOUT,UNKNOWN,UNKNOWN,0,True
bybit,ETHUSDT,REFERENCE,BULL,LOW,11,True
bybit,ETHUSDT,REFERENCE,BULL,MEDIUM,180,True
bybit,ETHUSDT,REFERENCE,BULL,HIGH,130,True
bybit,ETHUSDT,REFERENCE,BULL,UNKNOWN,0,True
bybit,ETHUSDT,REFERENCE,BEAR,LOW,23,True
bybit,ETHUSDT,REFERENCE,BEAR,MEDIUM,56,True
bybit,ETHUSDT,REFERENCE,BEAR,HIGH,203,True
bybit,ETHUSDT,REFERENCE,BEAR,UNKNOWN,0,True
bybit,ETHUSDT,REFERENCE,SIDEWAYS,LOW,79,True
bybit,ETHUSDT,REFERENCE,SIDEWAYS,MEDIUM,206,True
bybit,ETHUSDT,REFERENCE,SIDEWAYS,HIGH,127,True
bybit,ETHUSDT,REFERENCE,SIDEWAYS,UNKNOWN,0,True
bybit,ETHUSDT,REFERENCE,UNKNOWN,LOW,0,True
bybit,ETHUSDT,REFERENCE,UNKNOWN,MEDIUM,0,True
bybit,ETHUSDT,REFERENCE,UNKNOWN,HIGH,0,True
bybit,ETHUSDT,REFERENCE,UNKNOWN,UNKNOWN,6,True
bybit,ETHUSDT,VALIDATION,BULL,LOW,3,True
bybit,ETHUSDT,VALIDATION,BULL,MEDIUM,65,True
bybit,ETHUSDT,VALIDATION,BULL,HIGH,51,True
bybit,ETHUSDT,VALIDATION,BULL,UNKNOWN,0,True
bybit,ETHUSDT,VALIDATION,BEAR,LOW,6,True
bybit,ETHUSDT,VALIDATION,BEAR,MEDIUM,30,True
bybit,ETHUSDT,VALIDATION,BEAR,HIGH,37,True
bybit,ETHUSDT,VALIDATION,BEAR,UNKNOWN,0,True
bybit,ETHUSDT,VALIDATION,SIDEWAYS,LOW,9,True
bybit,ETHUSDT,VALIDATION,SIDEWAYS,MEDIUM,123,True
bybit,ETHUSDT,VALIDATION,SIDEWAYS,HIGH,16,True
bybit,ETHUSDT,VALIDATION,SIDEWAYS,UNKNOWN,0,True
bybit,ETHUSDT,VALIDATION,UNKNOWN,LOW,0,True
bybit,ETHUSDT,VALIDATION,UNKNOWN,MEDIUM,0,True
bybit,ETHUSDT,VALIDATION,UNKNOWN,HIGH,0,True
bybit,ETHUSDT,VALIDATION,UNKNOWN,UNKNOWN,0,True
bybit,ETHUSDT,HOLDOUT,BULL,LOW,0,True
bybit,ETHUSDT,HOLDOUT,BULL,MEDIUM,44,True
bybit,ETHUSDT,HOLDOUT,BULL,HIGH,47,True
bybit,ETHUSDT,HOLDOUT,BULL,UNKNOWN,0,True
bybit,ETHUSDT,HOLDOUT,BEAR,LOW,0,True
bybit,ETHUSDT,HOLDOUT,BEAR,MEDIUM,79,True
bybit,ETHUSDT,HOLDOUT,BEAR,HIGH,65,True
bybit,ETHUSDT,HOLDOUT,BEAR,UNKNOWN,0,True
bybit,ETHUSDT,HOLDOUT,SIDEWAYS,LOW,0,True
bybit,ETHUSDT,HOLDOUT,SIDEWAYS,MEDIUM,76,True
bybit,ETHUSDT,HOLDOUT,SIDEWAYS,HIGH,30,True
bybit,ETHUSDT,HOLDOUT,SIDEWAYS,UNKNOWN,0,True
bybit,ETHUSDT,HOLDOUT,UNKNOWN,LOW,0,True
bybit,ETHUSDT,HOLDOUT,UNKNOWN,MEDIUM,0,True
bybit,ETHUSDT,HOLDOUT,UNKNOWN,HIGH,0,True
bybit,ETHUSDT,HOLDOUT,UNKNOWN,UNKNOWN,0,True
binance,BTCUSDT,REFERENCE,BULL,LOW,28,True
binance,BTCUSDT,REFERENCE,BULL,MEDIUM,172,True
binance,BTCUSDT,REFERENCE,BULL,HIGH,22,True
binance,BTCUSDT,REFERENCE,BULL,UNKNOWN,0,True
binance,BTCUSDT,REFERENCE,BEAR,LOW,12,True
binance,BTCUSDT,REFERENCE,BEAR,MEDIUM,165,True
binance,BTCUSDT,REFERENCE,BEAR,HIGH,107,True
binance,BTCUSDT,REFERENCE,BEAR,UNKNOWN,0,True
binance,BTCUSDT,REFERENCE,SIDEWAYS,LOW,159,True
binance,BTCUSDT,REFERENCE,SIDEWAYS,MEDIUM,221,True
binance,BTCUSDT,REFERENCE,SIDEWAYS,HIGH,41,True
binance,BTCUSDT,REFERENCE,SIDEWAYS,UNKNOWN,0,True
binance,BTCUSDT,REFERENCE,UNKNOWN,LOW,0,True
binance,BTCUSDT,REFERENCE,UNKNOWN,MEDIUM,0,True
binance,BTCUSDT,REFERENCE,UNKNOWN,HIGH,0,True
binance,BTCUSDT,REFERENCE,UNKNOWN,UNKNOWN,229,True
binance,BTCUSDT,VALIDATION,BULL,LOW,24,True
binance,BTCUSDT,VALIDATION,BULL,MEDIUM,125,True
binance,BTCUSDT,VALIDATION,BULL,HIGH,9,True
binance,BTCUSDT,VALIDATION,BULL,UNKNOWN,0,True
binance,BTCUSDT,VALIDATION,BEAR,LOW,8,True
binance,BTCUSDT,VALIDATION,BEAR,MEDIUM,23,True
binance,BTCUSDT,VALIDATION,BEAR,HIGH,0,True
binance,BTCUSDT,VALIDATION,BEAR,UNKNOWN,0,True
binance,BTCUSDT,VALIDATION,SIDEWAYS,LOW,28,True
binance,BTCUSDT,VALIDATION,SIDEWAYS,MEDIUM,171,True
binance,BTCUSDT,VALIDATION,SIDEWAYS,HIGH,1,True
binance,BTCUSDT,VALIDATION,SIDEWAYS,UNKNOWN,0,True
binance,BTCUSDT,VALIDATION,UNKNOWN,LOW,0,True
binance,BTCUSDT,VALIDATION,UNKNOWN,MEDIUM,0,True
binance,BTCUSDT,VALIDATION,UNKNOWN,HIGH,0,True
binance,BTCUSDT,VALIDATION,UNKNOWN,UNKNOWN,0,True
binance,BTCUSDT,HOLDOUT,BULL,LOW,42,True
binance,BTCUSDT,HOLDOUT,BULL,MEDIUM,29,True
binance,BTCUSDT,HOLDOUT,BULL,HIGH,0,True
binance,BTCUSDT,HOLDOUT,BULL,UNKNOWN,0,True
binance,BTCUSDT,HOLDOUT,BEAR,LOW,6,True
binance,BTCUSDT,HOLDOUT,BEAR,MEDIUM,56,True
binance,BTCUSDT,HOLDOUT,BEAR,HIGH,0,True
binance,BTCUSDT,HOLDOUT,BEAR,UNKNOWN,0,True
binance,BTCUSDT,HOLDOUT,SIDEWAYS,LOW,125,True
binance,BTCUSDT,HOLDOUT,SIDEWAYS,MEDIUM,131,True
binance,BTCUSDT,HOLDOUT,SIDEWAYS,HIGH,0,True
binance,BTCUSDT,HOLDOUT,SIDEWAYS,UNKNOWN,0,True
binance,BTCUSDT,HOLDOUT,UNKNOWN,LOW,0,True
binance,BTCUSDT,HOLDOUT,UNKNOWN,MEDIUM,0,True
binance,BTCUSDT,HOLDOUT,UNKNOWN,HIGH,0,True
binance,BTCUSDT,HOLDOUT,UNKNOWN,UNKNOWN,0,True
binance,ETHUSDT,REFERENCE,BULL,LOW,12,True
binance,ETHUSDT,REFERENCE,BULL,MEDIUM,128,True
binance,ETHUSDT,REFERENCE,BULL,HIGH,98,True
binance,ETHUSDT,REFERENCE,BULL,UNKNOWN,0,True
binance,ETHUSDT,REFERENCE,BEAR,LOW,23,True
binance,ETHUSDT,REFERENCE,BEAR,MEDIUM,56,True
binance,ETHUSDT,REFERENCE,BEAR,HIGH,211,True
binance,ETHUSDT,REFERENCE,BEAR,UNKNOWN,0,True
binance,ETHUSDT,REFERENCE,SIDEWAYS,LOW,80,True
binance,ETHUSDT,REFERENCE,SIDEWAYS,MEDIUM,194,True
binance,ETHUSDT,REFERENCE,SIDEWAYS,HIGH,125,True
binance,ETHUSDT,REFERENCE,SIDEWAYS,UNKNOWN,0,True
binance,ETHUSDT,REFERENCE,UNKNOWN,LOW,0,True
binance,ETHUSDT,REFERENCE,UNKNOWN,MEDIUM,0,True
binance,ETHUSDT,REFERENCE,UNKNOWN,HIGH,0,True
binance,ETHUSDT,REFERENCE,UNKNOWN,UNKNOWN,229,True
binance,ETHUSDT,VALIDATION,BULL,LOW,3,True
binance,ETHUSDT,VALIDATION,BULL,MEDIUM,104,True
binance,ETHUSDT,VALIDATION,BULL,HIGH,49,True
binance,ETHUSDT,VALIDATION,BULL,UNKNOWN,0,True
binance,ETHUSDT,VALIDATION,BEAR,LOW,6,True
binance,ETHUSDT,VALIDATION,BEAR,MEDIUM,30,True
binance,ETHUSDT,VALIDATION,BEAR,HIGH,37,True
binance,ETHUSDT,VALIDATION,BEAR,UNKNOWN,0,True
binance,ETHUSDT,VALIDATION,SIDEWAYS,LOW,9,True
binance,ETHUSDT,VALIDATION,SIDEWAYS,MEDIUM,136,True
binance,ETHUSDT,VALIDATION,SIDEWAYS,HIGH,15,True
binance,ETHUSDT,VALIDATION,SIDEWAYS,UNKNOWN,0,True
binance,ETHUSDT,VALIDATION,UNKNOWN,LOW,0,True
binance,ETHUSDT,VALIDATION,UNKNOWN,MEDIUM,0,True
binance,ETHUSDT,VALIDATION,UNKNOWN,HIGH,0,True
binance,ETHUSDT,VALIDATION,UNKNOWN,UNKNOWN,0,True
binance,ETHUSDT,HOLDOUT,BULL,LOW,0,True
binance,ETHUSDT,HOLDOUT,BULL,MEDIUM,55,True
binance,ETHUSDT,HOLDOUT,BULL,HIGH,48,True
binance,ETHUSDT,HOLDOUT,BULL,UNKNOWN,0,True
binance,ETHUSDT,HOLDOUT,BEAR,LOW,0,True
binance,ETHUSDT,HOLDOUT,BEAR,MEDIUM,80,True
binance,ETHUSDT,HOLDOUT,BEAR,HIGH,65,True
binance,ETHUSDT,HOLDOUT,BEAR,UNKNOWN,0,True
binance,ETHUSDT,HOLDOUT,SIDEWAYS,LOW,0,True
binance,ETHUSDT,HOLDOUT,SIDEWAYS,MEDIUM,112,True
binance,ETHUSDT,HOLDOUT,SIDEWAYS,HIGH,29,True
binance,ETHUSDT,HOLDOUT,SIDEWAYS,UNKNOWN,0,True
binance,ETHUSDT,HOLDOUT,UNKNOWN,LOW,0,True
binance,ETHUSDT,HOLDOUT,UNKNOWN,MEDIUM,0,True
binance,ETHUSDT,HOLDOUT,UNKNOWN,HIGH,0,True
binance,ETHUSDT,HOLDOUT,UNKNOWN,UNKNOWN,0,True
binance,SOLUSDT,REFERENCE,BULL,LOW,0,True
binance,SOLUSDT,REFERENCE,BULL,MEDIUM,26,True
binance,SOLUSDT,REFERENCE,BULL,HIGH,236,True
binance,SOLUSDT,REFERENCE,BULL,UNKNOWN,0,True
binance,SOLUSDT,REFERENCE,BEAR,LOW,0,True
binance,SOLUSDT,REFERENCE,BEAR,MEDIUM,83,True
binance,SOLUSDT,REFERENCE,BEAR,HIGH,334,True
binance,SOLUSDT,REFERENCE,BEAR,UNKNOWN,0,True
binance,SOLUSDT,REFERENCE,SIDEWAYS,LOW,0,True
binance,SOLUSDT,REFERENCE,SIDEWAYS,MEDIUM,62,True
binance,SOLUSDT,REFERENCE,SIDEWAYS,HIGH,180,True
binance,SOLUSDT,REFERENCE,SIDEWAYS,UNKNOWN,0,True
binance,SOLUSDT,REFERENCE,UNKNOWN,LOW,0,True
binance,SOLUSDT,REFERENCE,UNKNOWN,MEDIUM,0,True
binance,SOLUSDT,REFERENCE,UNKNOWN,HIGH,0,True
binance,SOLUSDT,REFERENCE,UNKNOWN,UNKNOWN,235,True
binance,SOLUSDT,VALIDATION,BULL,LOW,0,True
binance,SOLUSDT,VALIDATION,BULL,MEDIUM,75,True
binance,SOLUSDT,VALIDATION,BULL,HIGH,156,True
binance,SOLUSDT,VALIDATION,BULL,UNKNOWN,0,True
binance,SOLUSDT,VALIDATION,BEAR,LOW,0,True
binance,SOLUSDT,VALIDATION,BEAR,MEDIUM,19,True
binance,SOLUSDT,VALIDATION,BEAR,HIGH,62,True
binance,SOLUSDT,VALIDATION,BEAR,UNKNOWN,0,True
binance,SOLUSDT,VALIDATION,SIDEWAYS,LOW,0,True
binance,SOLUSDT,VALIDATION,SIDEWAYS,MEDIUM,37,True
binance,SOLUSDT,VALIDATION,SIDEWAYS,HIGH,40,True
binance,SOLUSDT,VALIDATION,SIDEWAYS,UNKNOWN,0,True
binance,SOLUSDT,VALIDATION,UNKNOWN,LOW,0,True
binance,SOLUSDT,VALIDATION,UNKNOWN,MEDIUM,0,True
binance,SOLUSDT,VALIDATION,UNKNOWN,HIGH,0,True
binance,SOLUSDT,VALIDATION,UNKNOWN,UNKNOWN,0,True
binance,SOLUSDT,HOLDOUT,BULL,LOW,0,True
binance,SOLUSDT,HOLDOUT,BULL,MEDIUM,56,True
binance,SOLUSDT,HOLDOUT,BULL,HIGH,53,True
binance,SOLUSDT,HOLDOUT,BULL,UNKNOWN,0,True
binance,SOLUSDT,HOLDOUT,BEAR,LOW,0,True
binance,SOLUSDT,HOLDOUT,BEAR,MEDIUM,52,True
binance,SOLUSDT,HOLDOUT,BEAR,HIGH,99,True
binance,SOLUSDT,HOLDOUT,BEAR,UNKNOWN,0,True
binance,SOLUSDT,HOLDOUT,SIDEWAYS,LOW,0,True
binance,SOLUSDT,HOLDOUT,SIDEWAYS,MEDIUM,64,True
binance,SOLUSDT,HOLDOUT,SIDEWAYS,HIGH,65,True
binance,SOLUSDT,HOLDOUT,SIDEWAYS,UNKNOWN,0,True
binance,SOLUSDT,HOLDOUT,UNKNOWN,LOW,0,True
binance,SOLUSDT,HOLDOUT,UNKNOWN,MEDIUM,0,True
binance,SOLUSDT,HOLDOUT,UNKNOWN,HIGH,0,True
binance,SOLUSDT,HOLDOUT,UNKNOWN,UNKNOWN,0,True
binance,XRPUSDT,REFERENCE,BULL,LOW,1,True
binance,XRPUSDT,REFERENCE,BULL,MEDIUM,105,True
binance,XRPUSDT,REFERENCE,BULL,HIGH,131,True
binance,XRPUSDT,REFERENCE,BULL,UNKNOWN,0,True
binance,XRPUSDT,REFERENCE,BEAR,LOW,0,True
binance,XRPUSDT,REFERENCE,BEAR,MEDIUM,176,True
binance,XRPUSDT,REFERENCE,BEAR,HIGH,168,True
binance,XRPUSDT,REFERENCE,BEAR,UNKNOWN,0,True
binance,XRPUSDT,REFERENCE,SIDEWAYS,LOW,52,True
binance,XRPUSDT,REFERENCE,SIDEWAYS,MEDIUM,234,True
binance,XRPUSDT,REFERENCE,SIDEWAYS,HIGH,60,True
binance,XRPUSDT,REFERENCE,SIDEWAYS,UNKNOWN,0,True
binance,XRPUSDT,REFERENCE,UNKNOWN,LOW,0,True
binance,XRPUSDT,REFERENCE,UNKNOWN,MEDIUM,0,True
binance,XRPUSDT,REFERENCE,UNKNOWN,HIGH,0,True
binance,XRPUSDT,REFERENCE,UNKNOWN,UNKNOWN,229,True
binance,XRPUSDT,VALIDATION,BULL,LOW,0,True
binance,XRPUSDT,VALIDATION,BULL,MEDIUM,33,True
binance,XRPUSDT,VALIDATION,BULL,HIGH,62,True
binance,XRPUSDT,VALIDATION,BULL,UNKNOWN,0,True
binance,XRPUSDT,VALIDATION,BEAR,LOW,5,True
binance,XRPUSDT,VALIDATION,BEAR,MEDIUM,67,True
binance,XRPUSDT,VALIDATION,BEAR,HIGH,7,True
binance,XRPUSDT,VALIDATION,BEAR,UNKNOWN,0,True
binance,XRPUSDT,VALIDATION,SIDEWAYS,LOW,44,True
binance,XRPUSDT,VALIDATION,SIDEWAYS,MEDIUM,132,True
binance,XRPUSDT,VALIDATION,SIDEWAYS,HIGH,39,True
binance,XRPUSDT,VALIDATION,SIDEWAYS,UNKNOWN,0,True
binance,XRPUSDT,VALIDATION,UNKNOWN,LOW,0,True
binance,XRPUSDT,VALIDATION,UNKNOWN,MEDIUM,0,True
binance,XRPUSDT,VALIDATION,UNKNOWN,HIGH,0,True
binance,XRPUSDT,VALIDATION,UNKNOWN,UNKNOWN,0,True
binance,XRPUSDT,HOLDOUT,BULL,LOW,0,True
binance,XRPUSDT,HOLDOUT,BULL,MEDIUM,29,True
binance,XRPUSDT,HOLDOUT,BULL,HIGH,64,True
binance,XRPUSDT,HOLDOUT,BULL,UNKNOWN,0,True
binance,XRPUSDT,HOLDOUT,BEAR,LOW,0,True
binance,XRPUSDT,HOLDOUT,BEAR,MEDIUM,55,True
binance,XRPUSDT,HOLDOUT,BEAR,HIGH,59,True
binance,XRPUSDT,HOLDOUT,BEAR,UNKNOWN,0,True
binance,XRPUSDT,HOLDOUT,SIDEWAYS,LOW,0,True
binance,XRPUSDT,HOLDOUT,SIDEWAYS,MEDIUM,99,True
binance,XRPUSDT,HOLDOUT,SIDEWAYS,HIGH,83,True
binance,XRPUSDT,HOLDOUT,SIDEWAYS,UNKNOWN,0,True
binance,XRPUSDT,HOLDOUT,UNKNOWN,LOW,0,True
binance,XRPUSDT,HOLDOUT,UNKNOWN,MEDIUM,0,True
binance,XRPUSDT,HOLDOUT,UNKNOWN,HIGH,0,True
binance,XRPUSDT,HOLDOUT,UNKNOWN,UNKNOWN,0,True
binance,BNBUSDT,REFERENCE,BULL,LOW,17,True
binance,BNBUSDT,REFERENCE,BULL,MEDIUM,119,True
binance,BNBUSDT,REFERENCE,BULL,HIGH,83,True
binance,BNBUSDT,REFERENCE,BULL,UNKNOWN,0,True
binance,BNBUSDT,REFERENCE,BEAR,LOW,23,True
binance,BNBUSDT,REFERENCE,BEAR,MEDIUM,105,True
binance,BNBUSDT,REFERENCE,BEAR,HIGH,157,True
binance,BNBUSDT,REFERENCE,BEAR,UNKNOWN,0,True
binance,BNBUSDT,REFERENCE,SIDEWAYS,LOW,111,True
binance,BNBUSDT,REFERENCE,SIDEWAYS,MEDIUM,227,True
binance,BNBUSDT,REFERENCE,SIDEWAYS,HIGH,85,True
binance,BNBUSDT,REFERENCE,SIDEWAYS,UNKNOWN,0,True
binance,BNBUSDT,REFERENCE,UNKNOWN,LOW,0,True
binance,BNBUSDT,REFERENCE,UNKNOWN,MEDIUM,0,True
binance,BNBUSDT,REFERENCE,UNKNOWN,HIGH,0,True
binance,BNBUSDT,REFERENCE,UNKNOWN,UNKNOWN,229,True
binance,BNBUSDT,VALIDATION,BULL,LOW,6,True
binance,BNBUSDT,VALIDATION,BULL,MEDIUM,88,True
binance,BNBUSDT,VALIDATION,BULL,HIGH,29,True
binance,BNBUSDT,VALIDATION,BULL,UNKNOWN,0,True
binance,BNBUSDT,VALIDATION,BEAR,LOW,0,True
binance,BNBUSDT,VALIDATION,BEAR,MEDIUM,16,True
binance,BNBUSDT,VALIDATION,BEAR,HIGH,0,True
binance,BNBUSDT,VALIDATION,BEAR,UNKNOWN,0,True
binance,BNBUSDT,VALIDATION,SIDEWAYS,LOW,29,True
binance,BNBUSDT,VALIDATION,SIDEWAYS,MEDIUM,219,True
binance,BNBUSDT,VALIDATION,SIDEWAYS,HIGH,2,True
binance,BNBUSDT,VALIDATION,SIDEWAYS,UNKNOWN,0,True
binance,BNBUSDT,VALIDATION,UNKNOWN,LOW,0,True
binance,BNBUSDT,VALIDATION,UNKNOWN,MEDIUM,0,True
binance,BNBUSDT,VALIDATION,UNKNOWN,HIGH,0,True
binance,BNBUSDT,VALIDATION,UNKNOWN,UNKNOWN,0,True
binance,BNBUSDT,HOLDOUT,BULL,LOW,33,True
binance,BNBUSDT,HOLDOUT,BULL,MEDIUM,73,True
binance,BNBUSDT,HOLDOUT,BULL,HIGH,14,True
binance,BNBUSDT,HOLDOUT,BULL,UNKNOWN,0,True
binance,BNBUSDT,HOLDOUT,BEAR,LOW,0,True
binance,BNBUSDT,HOLDOUT,BEAR,MEDIUM,40,True
binance,BNBUSDT,HOLDOUT,BEAR,HIGH,7,True
binance,BNBUSDT,HOLDOUT,BEAR,UNKNOWN,0,True
binance,BNBUSDT,HOLDOUT,SIDEWAYS,LOW,64,True
binance,BNBUSDT,HOLDOUT,SIDEWAYS,MEDIUM,147,True
binance,BNBUSDT,HOLDOUT,SIDEWAYS,HIGH,11,True
binance,BNBUSDT,HOLDOUT,SIDEWAYS,UNKNOWN,0,True
binance,BNBUSDT,HOLDOUT,UNKNOWN,LOW,0,True
binance,BNBUSDT,HOLDOUT,UNKNOWN,MEDIUM,0,True
binance,BNBUSDT,HOLDOUT,UNKNOWN,HIGH,0,True
binance,BNBUSDT,HOLDOUT,UNKNOWN,UNKNOWN,0,True
binance,DOGEUSDT,REFERENCE,BULL,LOW,5,True
binance,DOGEUSDT,REFERENCE,BULL,MEDIUM,82,True
binance,DOGEUSDT,REFERENCE,BULL,HIGH,117,True
binance,DOGEUSDT,REFERENCE,BULL,UNKNOWN,0,True
binance,DOGEUSDT,REFERENCE,BEAR,LOW,3,True
binance,DOGEUSDT,REFERENCE,BEAR,MEDIUM,172,True
binance,DOGEUSDT,REFERENCE,BEAR,HIGH,227,True
binance,DOGEUSDT,REFERENCE,BEAR,UNKNOWN,0,True
binance,DOGEUSDT,REFERENCE,SIDEWAYS,LOW,92,True
binance,DOGEUSDT,REFERENCE,SIDEWAYS,MEDIUM,139,True
binance,DOGEUSDT,REFERENCE,SIDEWAYS,HIGH,90,True
binance,DOGEUSDT,REFERENCE,SIDEWAYS,UNKNOWN,0,True
binance,DOGEUSDT,REFERENCE,UNKNOWN,LOW,0,True
binance,DOGEUSDT,REFERENCE,UNKNOWN,MEDIUM,0,True
binance,DOGEUSDT,REFERENCE,UNKNOWN,HIGH,0,True
binance,DOGEUSDT,REFERENCE,UNKNOWN,UNKNOWN,229,True
binance,DOGEUSDT,VALIDATION,BULL,LOW,0,True
binance,DOGEUSDT,VALIDATION,BULL,MEDIUM,58,True
binance,DOGEUSDT,VALIDATION,BULL,HIGH,108,True
binance,DOGEUSDT,VALIDATION,BULL,UNKNOWN,0,True
binance,DOGEUSDT,VALIDATION,BEAR,LOW,0,True
binance,DOGEUSDT,VALIDATION,BEAR,MEDIUM,50,True
binance,DOGEUSDT,VALIDATION,BEAR,HIGH,49,True
binance,DOGEUSDT,VALIDATION,BEAR,UNKNOWN,0,True
binance,DOGEUSDT,VALIDATION,SIDEWAYS,LOW,0,True
binance,DOGEUSDT,VALIDATION,SIDEWAYS,MEDIUM,65,True
binance,DOGEUSDT,VALIDATION,SIDEWAYS,HIGH,59,True
binance,DOGEUSDT,VALIDATION,SIDEWAYS,UNKNOWN,0,True
binance,DOGEUSDT,VALIDATION,UNKNOWN,LOW,0,True
binance,DOGEUSDT,VALIDATION,UNKNOWN,MEDIUM,0,True
binance,DOGEUSDT,VALIDATION,UNKNOWN,HIGH,0,True
binance,DOGEUSDT,VALIDATION,UNKNOWN,UNKNOWN,0,True
binance,DOGEUSDT,HOLDOUT,BULL,LOW,0,True
binance,DOGEUSDT,HOLDOUT,BULL,MEDIUM,7,True
binance,DOGEUSDT,HOLDOUT,BULL,HIGH,86,True
binance,DOGEUSDT,HOLDOUT,BULL,UNKNOWN,0,True
binance,DOGEUSDT,HOLDOUT,BEAR,LOW,0,True
binance,DOGEUSDT,HOLDOUT,BEAR,MEDIUM,54,True
binance,DOGEUSDT,HOLDOUT,BEAR,HIGH,146,True
binance,DOGEUSDT,HOLDOUT,BEAR,UNKNOWN,0,True
binance,DOGEUSDT,HOLDOUT,SIDEWAYS,LOW,0,True
binance,DOGEUSDT,HOLDOUT,SIDEWAYS,MEDIUM,16,True
binance,DOGEUSDT,HOLDOUT,SIDEWAYS,HIGH,80,True
binance,DOGEUSDT,HOLDOUT,SIDEWAYS,UNKNOWN,0,True
binance,DOGEUSDT,HOLDOUT,UNKNOWN,LOW,0,True
binance,DOGEUSDT,HOLDOUT,UNKNOWN,MEDIUM,0,True
binance,DOGEUSDT,HOLDOUT,UNKNOWN,HIGH,0,True
binance,DOGEUSDT,HOLDOUT,UNKNOWN,UNKNOWN,0,True
binance,ADAUSDT,REFERENCE,BULL,LOW,8,True
binance,ADAUSDT,REFERENCE,BULL,MEDIUM,61,True
binance,ADAUSDT,REFERENCE,BULL,HIGH,114,True
binance,ADAUSDT,REFERENCE,BULL,UNKNOWN,0,True
binance,ADAUSDT,REFERENCE,BEAR,LOW,14,True
binance,ADAUSDT,REFERENCE,BEAR,MEDIUM,174,True
binance,ADAUSDT,REFERENCE,BEAR,HIGH,238,True
binance,ADAUSDT,REFERENCE,BEAR,UNKNOWN,0,True
binance,ADAUSDT,REFERENCE,SIDEWAYS,LOW,52,True
binance,ADAUSDT,REFERENCE,SIDEWAYS,MEDIUM,144,True
binance,ADAUSDT,REFERENCE,SIDEWAYS,HIGH,122,True
binance,ADAUSDT,REFERENCE,SIDEWAYS,UNKNOWN,0,True
binance,ADAUSDT,REFERENCE,UNKNOWN,LOW,0,True
binance,ADAUSDT,REFERENCE,UNKNOWN,MEDIUM,0,True
binance,ADAUSDT,REFERENCE,UNKNOWN,HIGH,0,True
binance,ADAUSDT,REFERENCE,UNKNOWN,UNKNOWN,229,True
binance,ADAUSDT,VALIDATION,BULL,LOW,0,True
binance,ADAUSDT,VALIDATION,BULL,MEDIUM,59,True
binance,ADAUSDT,VALIDATION,BULL,HIGH,69,True
binance,ADAUSDT,VALIDATION,BULL,UNKNOWN,0,True
binance,ADAUSDT,VALIDATION,BEAR,LOW,0,True
binance,ADAUSDT,VALIDATION,BEAR,MEDIUM,42,True
binance,ADAUSDT,VALIDATION,BEAR,HIGH,75,True
binance,ADAUSDT,VALIDATION,BEAR,UNKNOWN,0,True
binance,ADAUSDT,VALIDATION,SIDEWAYS,LOW,0,True
binance,ADAUSDT,VALIDATION,SIDEWAYS,MEDIUM,110,True
binance,ADAUSDT,VALIDATION,SIDEWAYS,HIGH,34,True
binance,ADAUSDT,VALIDATION,SIDEWAYS,UNKNOWN,0,True
binance,ADAUSDT,VALIDATION,UNKNOWN,LOW,0,True
binance,ADAUSDT,VALIDATION,UNKNOWN,MEDIUM,0,True
binance,ADAUSDT,VALIDATION,UNKNOWN,HIGH,0,True
binance,ADAUSDT,VALIDATION,UNKNOWN,UNKNOWN,0,True
binance,ADAUSDT,HOLDOUT,BULL,LOW,0,True
binance,ADAUSDT,HOLDOUT,BULL,MEDIUM,40,True
binance,ADAUSDT,HOLDOUT,BULL,HIGH,50,True
binance,ADAUSDT,HOLDOUT,BULL,UNKNOWN,0,True
binance,ADAUSDT,HOLDOUT,BEAR,LOW,0,True
binance,ADAUSDT,HOLDOUT,BEAR,MEDIUM,58,True
binance,ADAUSDT,HOLDOUT,BEAR,HIGH,122,True
binance,ADAUSDT,HOLDOUT,BEAR,UNKNOWN,0,True
binance,ADAUSDT,HOLDOUT,SIDEWAYS,LOW,0,True
binance,ADAUSDT,HOLDOUT,SIDEWAYS,MEDIUM,32,True
binance,ADAUSDT,HOLDOUT,SIDEWAYS,HIGH,87,True
binance,ADAUSDT,HOLDOUT,SIDEWAYS,UNKNOWN,0,True
binance,ADAUSDT,HOLDOUT,UNKNOWN,LOW,0,True
binance,ADAUSDT,HOLDOUT,UNKNOWN,MEDIUM,0,True
binance,ADAUSDT,HOLDOUT,UNKNOWN,HIGH,0,True
binance,ADAUSDT,HOLDOUT,UNKNOWN,UNKNOWN,0,True
