blocker_reason,count,unique_setups,percentage_setups,LONG,SHORT,category
ALL_HTF_SFP_CONTEXTS_INVALIDATED,6557,6145,96.66509359760893,3077,3068,A. REAL STRATEGY RULE
WAITING_FOR_ENTRY_GEOMETRY,5181,4994,78.55906874311782,2570,2424,A. REAL STRATEGY RULE
NO_POST_BOS_OB_PATTERN,5030,4665,73.38367154318074,2406,2259,C. EXPERIMENTAL BACKTEST PARAMETER
NO_ELIGIBLE_POST_BOS_OB,1670,1188,18.688060405851818,594,594,C. EXPERIMENTAL BACKTEST PARAMETER
DIRECTIONAL_IMBALANCE_NOT_CONFIRMED,790,574,9.029416391379582,274,300,C. EXPERIMENTAL BACKTEST PARAMETER
AGGRESSIVE_IMPULSE_THRESHOLD_NOT_MET,630,454,7.14173352210162,223,231,C. EXPERIMENTAL BACKTEST PARAMETER
OB_OUTSIDE_OTE_OR_STRUCTURAL_IMPULSE,657,399,6.276545540349221,200,199,C. EXPERIMENTAL BACKTEST PARAMETER
RAW_STRUCTURAL_LIQUIDITY_SWEEP_NOT_FOUND,108,62,0.9753028157936133,43,19,C. EXPERIMENTAL BACKTEST PARAMETER
REJECTED_ENTRY_GEOMETRY,53,53,0.8337266005977663,26,27,B. SAFETY / CAUSALITY RULE
FRESH_PREEXISTING_HTF_POI_NOT_FOUND,15,9,0.1415762151958471,6,3,C. EXPERIMENTAL BACKTEST PARAMETER
