condition_a,condition_b,joint_true
AGGRESSION,AGGRESSION,1218
AGGRESSION,IMBALANCE,507
AGGRESSION,OB_OTE_AND_IMPULSE,162
AGGRESSION,RAW_SWEEP,106
AGGRESSION,SUPPORTING_POI,3
AGGRESSION,TREND_ALIGNMENT,1218
AGGRESSION,OB_FRESH,340
AGGRESSION,STOP_GEOMETRY,390
IMBALANCE,IMBALANCE,580
IMBALANCE,OB_OTE_AND_IMPULSE,81
IMBALANCE,RAW_SWEEP,54
IMBALANCE,SUPPORTING_POI,1
IMBALANCE,TREND_ALIGNMENT,580
IMBALANCE,OB_FRESH,271
IMBALANCE,STOP_GEOMETRY,199
OB_OTE_AND_IMPULSE,OB_OTE_AND_IMPULSE,220
OB_OTE_AND_IMPULSE,RAW_SWEEP,18
OB_OTE_AND_IMPULSE,SUPPORTING_POI,0
OB_OTE_AND_IMPULSE,TREND_ALIGNMENT,220
OB_OTE_AND_IMPULSE,OB_FRESH,85
OB_OTE_AND_IMPULSE,STOP_GEOMETRY,114
RAW_SWEEP,RAW_SWEEP,145
RAW_SWEEP,SUPPORTING_POI,3
RAW_SWEEP,TREND_ALIGNMENT,145
RAW_SWEEP,OB_FRESH,38
RAW_SWEEP,STOP_GEOMETRY,107
SUPPORTING_POI,SUPPORTING_POI,3
SUPPORTING_POI,TREND_ALIGNMENT,3
SUPPORTING_POI,OB_FRESH,1
SUPPORTING_POI,STOP_GEOMETRY,3
TREND_ALIGNMENT,TREND_ALIGNMENT,1755
TREND_ALIGNMENT,OB_FRESH,434
TREND_ALIGNMENT,STOP_GEOMETRY,550
OB_FRESH,OB_FRESH,434
OB_FRESH,STOP_GEOMETRY,197
STOP_GEOMETRY,STOP_GEOMETRY,550
