cohort,cancellation_cohort,READY,FILLED,CLOSED,OPEN,PENDING,primary50_AvgHoldingSeconds,primary50_AvgLoss,primary50_AvgR,primary50_AvgWin,primary50_BE,primary50_CLOSED,primary50_Expectancy,primary50_Fees,primary50_GrossAfterSlippageBeforeFees,primary50_GrossPnL,primary50_Losses,primary50_MaxDrawdown,primary50_MaxDrawdownFraction,primary50_MaxLosingStreak,primary50_MaxWinningStreak,primary50_MedianR,primary50_NetPnL,primary50_PayoffRatio,primary50_ProfitFactor,primary50_Slippage,primary50_WinRate,primary50_Wins,primary50_drawdown_scope,all_closed_AvgHoldingSeconds,all_closed_AvgLoss,all_closed_AvgR,all_closed_AvgWin,all_closed_BE,all_closed_CLOSED,all_closed_Expectancy,all_closed_Fees,all_closed_GrossAfterSlippageBeforeFees,all_closed_GrossPnL,all_closed_Losses,all_closed_MaxDrawdown,all_closed_MaxDrawdownFraction,all_closed_MaxLosingStreak,all_closed_MaxWinningStreak,all_closed_MedianR,all_closed_NetPnL,all_closed_PayoffRatio,all_closed_ProfitFactor,all_closed_Slippage,all_closed_WinRate,all_closed_Wins,all_closed_drawdown_scope
BREAKER_AGGRESSIVE_STOP,CANCEL_SOURCE_POI_INVALIDATION,3014,1927,1926,1,18,13110.0,23.400000000000002,0.06425095809122486,101.11736209667332,0,50,1.503472419334662,247.34877727626414,322.5223982429973,404.9720068672888,40,548.1637891507547,,19,2,-1.0,75.1736209667331,4.321254790456124,1.080313697614031,82.4496086242915,0.2,10,CUMULATIVE_INDEPENDENT_CASE_NET_PNL_BY_EXIT_TIME; NOT_SHARED_NAV,18085.046728971964,23.30816455754344,-0.26121762671782883,81.49836851163018,0,1926,-6.112492465197195,12376.353703646306,603.6932156765081,4729.1446393906235,1610,13081.898552852668,,67,5,-1.0,-11772.660487969797,3.4965588264329504,0.6862811112750388,4125.451423714115,0.1640706126687435,316,CUMULATIVE_INDEPENDENT_CASE_NET_PNL_BY_EXIT_TIME; NOT_SHARED_NAV
BREAKER_AGGRESSIVE_STOP,CANCEL_STRICT_STRUCTURE,3014,935,935,0,0,14412.0,23.400000000000002,-0.16089281674463612,65.85049130988871,0,50,-3.764891911824485,258.8905374227571,70.64594183153291,156.94279391681815,39,307.65500228507466,,10,3,-1.0,-188.24459559122423,2.814123560251654,0.7937271580196973,86.2968520852852,0.22,11,CUMULATIVE_INDEPENDENT_CASE_NET_PNL_BY_EXIT_TIME; NOT_SHARED_NAV,14188.55614973262,23.23538238431044,-0.16359872233024608,84.13565952969434,0,935,-3.8282101025277577,6087.406878503485,2508.0304326400314,4537.166240294289,766,5076.627243768119,,32,6,-1.0,-3579.3764458634537,3.6210146292452006,0.798892261543654,2029.135807654258,0.18074866310160428,169,CUMULATIVE_INDEPENDENT_CASE_NET_PNL_BY_EXIT_TIME; NOT_SHARED_NAV
BREAKER_CONSERVATIVE_STOP,CANCEL_SOURCE_POI_INVALIDATION,3014,1928,1920,8,18,26952.0,23.400000000000002,0.11668033448256918,49.184221741367004,0,50,2.7303198268921194,109.69052760194181,246.2065189465478,282.7700394579927,32,495.7593133132388,,19,5,-1.0,136.51599134460596,2.1018898180071366,1.1823130226290144,36.563520511444906,0.36,18,CUMULATIVE_INDEPENDENT_CASE_NET_PNL_BY_EXIT_TIME; NOT_SHARED_NAV,61923.90625,23.272144817967018,-0.0882049022389024,35.74183808450728,0,1920,-2.063994712390316,5344.207809277968,1381.337961488562,3162.7406910906575,1230,6274.854443384985,,24,12,-0.9999999999999999,-3962.869847789407,1.5358205427165081,0.861557865426334,1781.4027296020954,0.359375,690,CUMULATIVE_INDEPENDENT_CASE_NET_PNL_BY_EXIT_TIME; NOT_SHARED_NAV
BREAKER_CONSERVATIVE_STOP,CANCEL_STRICT_STRUCTURE,3014,934,932,2,0,24858.0,23.400000000000002,-0.19002839748929956,29.248154163195533,0,50,-4.44666450124961,115.01956669289173,-107.31365836958875,-68.97380556424766,32,278.7059209908882,,10,4,-1.0,-222.3332250624805,1.2499211180852792,0.7030806289229694,38.33985280534113,0.36,18,CUMULATIVE_INDEPENDENT_CASE_NET_PNL_BY_EXIT_TIME; NOT_SHARED_NAV,48540.77253218884,23.166501197819944,-0.0825206274089345,32.58421220311588,0,932,-1.9309826813690671,2570.3241127153956,770.6482536794254,1627.4230230147218,577,3167.3770774310274,,20,8,-0.9999999999999999,-1799.6758590359705,1.4065228031146189,0.8653649828521485,856.7747693352962,0.38090128755364805,355,CUMULATIVE_INDEPENDENT_CASE_NET_PNL_BY_EXIT_TIME; NOT_SHARED_NAV
DEMAND_SUPPLY,CANCEL_SOURCE_POI_INVALIDATION,3048,2584,2583,1,11,5262.0,23.400000000000002,-0.6912973431526477,48.83642170228045,0,50,-16.176357829771955,328.48428093927885,-480.333610549319,-370.83886506979087,45,808.8178914885972,,15,1,-1.0,-808.8178914885979,2.087026568473523,0.2318918409415026,109.49474547952815,0.1,5,CUMULATIVE_INDEPENDENT_CASE_NET_PNL_BY_EXIT_TIME; NOT_SHARED_NAV,10936.469221835076,23.32556694909697,-0.47660580275092973,93.56229988542061,0,2583,-11.152575784371756,22312.5432573412,-6494.559993691044,942.954463140085,2314,29378.340636954894,,51,3,-1.0,-28807.103251032247,4.0111479429246115,0.46629161479979275,7437.51445683113,0.10414246999612853,269,CUMULATIVE_INDEPENDENT_CASE_NET_PNL_BY_EXIT_TIME; NOT_SHARED_NAV
DEMAND_SUPPLY,CANCEL_STRICT_STRUCTURE,3048,739,739,0,1,9162.0,23.400000000000002,-0.30792308545487806,138.54599800355857,0,50,-7.205400199644147,364.1664912194809,3.896481237273548,125.28531665517066,45,609.3877829765909,,14,1,-1.0,-360.27000998220734,5.92076914545122,0.6578632383834688,121.38883541789711,0.1,5,CUMULATIVE_INDEPENDENT_CASE_NET_PNL_BY_EXIT_TIME; NOT_SHARED_NAV,9962.11096075778,23.376411030743185,-0.5015197723273175,103.13222039237216,0,739,-11.73556267245923,6888.1298269554745,-1784.4509879918955,511.59230812336153,671,8728.33784232098,,45,2,-1.0,-8672.58081494737,4.411807281140769,0.4470982043480958,2296.0432961152574,0.09201623815967523,68,CUMULATIVE_INDEPENDENT_CASE_NET_PNL_BY_EXIT_TIME; NOT_SHARED_NAV
OB_CONSERVATIVE_BOS_POI,CANCEL_SOURCE_POI_INVALIDATION,3541,2700,2698,2,2,21798.0,23.400000000000002,-0.5291003894151558,22.51271203202231,0,50,-12.380949112314648,222.2669406980849,-396.78051491764745,-322.6915475926237,38,748.5449621275474,,13,3,-1.0,-619.0474556157324,0.9620817107701841,0.30381527708532136,74.08896732502377,0.24,12,CUMULATIVE_INDEPENDENT_CASE_NET_PNL_BY_EXIT_TIME; NOT_SHARED_NAV,18800.815418828763,23.250649194938777,-0.3341147786398961,45.11801482003089,0,2698,-7.8182858201735685,17065.73838779595,-4027.9967550323368,1660.582773989006,2089,21801.773548694717,,26,5,-1.0,-21093.73514282829,1.94050559370412,0.5657098643206363,5688.579529021343,0.2257227575982209,609,CUMULATIVE_INDEPENDENT_CASE_NET_PNL_BY_EXIT_TIME; NOT_SHARED_NAV
OB_CONSERVATIVE_BOS_POI,CANCEL_STRICT_STRUCTURE,3541,638,637,1,0,14682.0,23.400000000000002,-0.4027717038121265,23.183807102654132,0,50,-9.42485786920376,216.27008948523354,-254.9728039749545,-182.8827814618585,35,523.5716570120725,,12,2,-0.9999999999999999,-471.24289346018804,0.9907609872929115,0.42461185169696214,72.09002251309597,0.3,15,CUMULATIVE_INDEPENDENT_CASE_NET_PNL_BY_EXIT_TIME; NOT_SHARED_NAV,21855.2590266876,23.062329302026225,-0.3267618676114354,32.106528670716315,0,637,-7.646227702107589,3379.132235558111,-1491.5148106844226,-365.137413437338,459,4950.599153638795,,14,5,-1.0,-4870.647046242534,1.3921633088421592,0.5398803245618831,1126.3773972470847,0.2794348508634223,178,CUMULATIVE_INDEPENDENT_CASE_NET_PNL_BY_EXIT_TIME; NOT_SHARED_NAV
OB_DIRECT_ENGULFING_STOP,CANCEL_SOURCE_POI_INVALIDATION,1102,582,582,0,5,3996.0,23.400000000000002,-0.5472821133782643,52.268561049632986,0,50,-12.806401453051384,374.1623113000207,-266.1577613525485,-141.4369965767007,43,821.9442154430933,,17,1,-1.0,-640.3200726525693,2.2336991901552556,0.3636254495601578,124.72076477584783,0.14,7,CUMULATIVE_INDEPENDENT_CASE_NET_PNL_BY_EXIT_TIME; NOT_SHARED_NAV,6974.226804123711,23.29516229324733,-0.5101697430955076,68.50879267065332,0,582,-11.937971988434878,5085.519693439725,-1862.380003829374,-167.2067793712559,510,6947.899697269027,,32,3,-1.0,-6947.899697269099,2.9409021413219456,0.4151861846572158,1695.1732244581178,0.12371134020618557,72,CUMULATIVE_INDEPENDENT_CASE_NET_PNL_BY_EXIT_TIME; NOT_SHARED_NAV
OB_DIRECT_ENGULFING_STOP,CANCEL_STRICT_STRUCTURE,1102,93,93,0,0,4944.0,23.400000000000002,-0.6435536189423006,60.00845316750168,0,50,-15.059154683249835,388.50899678521364,-364.4487373772781,-234.94574784671744,45,865.7999999999995,,37,1,-1.0,-752.9577341624918,2.5644638105769944,0.2849404233974438,129.50298953056065,0.1,5,CUMULATIVE_INDEPENDENT_CASE_NET_PNL_BY_EXIT_TIME; NOT_SHARED_NAV,5548.387096774193,23.400000000000002,-0.627871685928533,50.220512462029674,0,93,-14.692197450727676,728.8059786320547,-637.5683842856191,-394.63307386028526,82,1366.374362917675,,37,2,-1.0,-1366.3743629176738,2.1461757462405844,0.2879016244956882,242.93531042533388,0.11827956989247312,11,CUMULATIVE_INDEPENDENT_CASE_NET_PNL_BY_EXIT_TIME; NOT_SHARED_NAV
OB_DIRECT_FIRST_TEST,CANCEL_SOURCE_POI_INVALIDATION,1102,583,583,0,5,5262.0,23.400000000000002,-0.435707304764475,42.62224534255643,0,50,-10.195550931488714,281.24212526484934,-228.53542130958644,-134.7880516128352,40,689.7015620680429,,14,3,-1.0,-509.77754657443575,1.8214634761776252,0.45536586904440624,93.74736969675128,0.2,10,CUMULATIVE_INDEPENDENT_CASE_NET_PNL_BY_EXIT_TIME; NOT_SHARED_NAV,10734.648370497427,23.24439042230573,-0.40283455126858014,57.314910586574435,0,583,-9.426328499684775,4135.71464023133,-1359.8348750848938,18.736672408197794,483,5495.549515316188,,21,4,-1.0,-5495.549515316224,2.4657523619795176,0.5105077353994861,1378.5715474930917,0.17152658662092624,100,CUMULATIVE_INDEPENDENT_CASE_NET_PNL_BY_EXIT_TIME; NOT_SHARED_NAV
OB_DIRECT_FIRST_TEST,CANCEL_STRICT_STRUCTURE,1102,93,93,0,0,7488.0,23.400000000000002,-0.5944887686148597,35.90601759007678,0,50,-13.911037185587718,309.50604565216156,-386.04581362722433,-282.87714305826836,42,749.649390306801,,28,1,-1.0,-695.5518592793859,1.5344451961571273,0.2922752754585004,103.16867056895603,0.16,8,CUMULATIVE_INDEPENDENT_CASE_NET_PNL_BY_EXIT_TIME; NOT_SHARED_NAV,11100.0,23.12616095419394,-0.587273168343321,35.054445698559476,0,93,-13.742192139233712,576.8295327900183,-701.1943361587169,-508.91784558544924,78,1278.0238689487358,,28,2,-1.0,-1278.023868948735,1.5157918241593116,0.29149842772294454,192.2764905732676,0.16129032258064516,15,CUMULATIVE_INDEPENDENT_CASE_NET_PNL_BY_EXIT_TIME; NOT_SHARED_NAV
OB_DIRECT_INSIDE,CANCEL_SOURCE_POI_INVALIDATION,1107,548,548,0,5,2982.0,23.400000000000002,-0.364374680461336,100.5469373100395,0,50,-8.526367522795264,421.3184188995607,-4.999957240202438,135.43952114388694,44,598.043761635813,,23,2,-1.0,-426.31837613976313,4.2968776628222,0.5859378631121182,140.4394783840893,0.12,6,CUMULATIVE_INDEPENDENT_CASE_NET_PNL_BY_EXIT_TIME; NOT_SHARED_NAV,5685.766423357664,23.400000000000002,-0.5888023344369193,91.22760663148908,0,548,-13.777974625823912,5416.78259505221,-2133.5474998992936,-327.9533146668942,502,7550.33009495145,,63,2,-1.0,-7550.330094951503,3.8986156680123534,0.3572436667899766,1805.5941852323995,0.08394160583941605,46,CUMULATIVE_INDEPENDENT_CASE_NET_PNL_BY_EXIT_TIME; NOT_SHARED_NAV
OB_DIRECT_INSIDE,CANCEL_STRICT_STRUCTURE,1107,29,29,0,0,5079.310344827586,23.400000000000002,-1.0,,0,29,-23.400000000000002,288.5689694531474,-390.03103054685266,-293.8413858161372,29,678.5999999999997,,29,0,-1.0,-678.6,,0.0,96.18964473071547,0.0,0,CUMULATIVE_INDEPENDENT_CASE_NET_PNL_BY_EXIT_TIME; NOT_SHARED_NAV,5079.310344827586,23.400000000000002,-1.0,,0,29,-23.400000000000002,288.5689694531474,-390.03103054685266,-293.8413858161372,29,678.5999999999997,,29,0,-1.0,-678.6,,0.0,96.18964473071547,0.0,0,CUMULATIVE_INDEPENDENT_CASE_NET_PNL_BY_EXIT_TIME; NOT_SHARED_NAV
OB_DIRECT_INSIDE_ENGULFING_STOP,CANCEL_SOURCE_POI_INVALIDATION,859,437,437,0,2,2070.0,23.400000000000002,-0.6278094099059662,121.7543301366732,0,50,-14.69074019179961,571.6951728198698,-162.84183677011075,27.723221945422956,47,734.5370095899797,,20,1,-1.0,-734.5370095899805,5.20317650156723,0.33211764903620616,190.56505871553372,0.06,3,CUMULATIVE_INDEPENDENT_CASE_NET_PNL_BY_EXIT_TIME; NOT_SHARED_NAV,3019.9084668192218,23.400000000000002,-0.7764325652406332,80.51617610737881,0,437,-18.168522026630818,5315.789943805826,-2623.854181831841,-851.9242346403921,415,7975.700737698541,,51,2,-1.0,-7939.6441256376675,3.44086222681106,0.18240715419239353,1771.929947191449,0.05034324942791762,22,CUMULATIVE_INDEPENDENT_CASE_NET_PNL_BY_EXIT_TIME; NOT_SHARED_NAV
OB_DIRECT_INSIDE_ENGULFING_STOP,CANCEL_STRICT_STRUCTURE,859,24,24,0,0,1975.0,23.400000000000002,-1.0,,0,24,-23.400000000000002,286.7865537467334,-274.8134462532667,-179.2179355064148,24,561.5999999999998,,24,0,-1.0,-561.6,,0.0,95.5955107468519,0.0,0,CUMULATIVE_INDEPENDENT_CASE_NET_PNL_BY_EXIT_TIME; NOT_SHARED_NAV,1975.0,23.400000000000002,-1.0,,0,24,-23.400000000000002,286.7865537467334,-274.8134462532667,-179.2179355064148,24,561.5999999999998,,24,0,-1.0,-561.6,,0.0,95.5955107468519,0.0,0,CUMULATIVE_INDEPENDENT_CASE_NET_PNL_BY_EXIT_TIME; NOT_SHARED_NAV
OB_ULTRA_CONSERVATIVE_CONF,CANCEL_SOURCE_POI_INVALIDATION,2222,1566,1564,2,0,21246.0,23.400000000000002,-0.14127982180376408,35.70015344056448,0,50,-3.305947830208079,206.689247661865,41.39185615146107,110.28827645027346,33,517.0347074294907,,9,3,-1.0,-165.29739151040394,1.5256475829301057,0.7859396639336909,68.8964202988124,0.34,17,CUMULATIVE_INDEPENDENT_CASE_NET_PNL_BY_EXIT_TIME; NOT_SHARED_NAV,28556.58567774936,23.302127248730713,-0.26803155933377737,39.516776574715,0,1564,-6.27193848841039,8055.273819569537,-1754.0379763043122,931.0533341273541,1140,10963.29055262358,,20,9,-1.0,-9809.31179587385,1.6958441670542124,0.6307350235359527,2685.091310431666,0.2710997442455243,424,CUMULATIVE_INDEPENDENT_CASE_NET_PNL_BY_EXIT_TIME; NOT_SHARED_NAV
OB_ULTRA_CONSERVATIVE_CONF,CANCEL_STRICT_STRUCTURE,2222,762,761,1,0,15426.0,23.400000000000002,0.30948862017022416,57.23693082100854,0,50,7.242033711983246,201.1518784486777,563.25356404784,630.30421540956,31,302.89011406825483,,12,2,-0.9999999999999999,362.1016855991623,2.4460226846584843,1.499175193822942,67.05065136172007,0.38,19,CUMULATIVE_INDEPENDENT_CASE_NET_PNL_BY_EXIT_TIME; NOT_SHARED_NAV,27654.402102496715,23.233639391922893,-0.23957957312313719,36.9211152574958,0,761,-5.60616201108141,3742.649029050177,-523.6402613827762,723.9094439235162,538,5032.950308190027,,28,6,-1.0,-4266.289290432953,1.58912319480741,0.6586886104870864,1247.5497053062925,0.29303547963206306,223,CUMULATIVE_INDEPENDENT_CASE_NET_PNL_BY_EXIT_TIME; NOT_SHARED_NAV
RANGE_AGGRESSIVE_EXTERNAL_POI,CANCEL_SOURCE_POI_INVALIDATION,3034,737,734,3,28,66414.0,23.400000000000002,-0.408014964778701,39.56568101899272,0,50,-9.547550175821602,183.83192521615675,-293.5455835749234,-232.26828446027764,39,676.9858907016283,,10,2,-1.0,-477.3775087910801,1.690841069187723,0.4769038913093578,61.277299114645785,0.22,11,CUMULATIVE_INDEPENDENT_CASE_NET_PNL_BY_EXIT_TIME; NOT_SHARED_NAV,79539.64577656676,23.36342267774743,-0.15233244363803064,50.404857152289395,0,734,-3.5645791811299166,3208.366066595898,591.9649476465391,1661.4203696352074,537,2755.400266470255,,14,5,-1.0,-2616.401118949359,2.157426069267568,0.7914579807182698,1069.4554219886681,0.2683923705722071,197,CUMULATIVE_INDEPENDENT_CASE_NET_PNL_BY_EXIT_TIME; NOT_SHARED_NAV
RANGE_AGGRESSIVE_EXTERNAL_POI,CANCEL_STRICT_STRUCTURE,3034,48,48,0,0,25700.0,23.400000000000002,-0.37521873364834335,23.383621224412053,0,48,-8.780118367371234,169.0024913374128,-252.44319029640644,-196.10903436163693,33,464.351417245728,,6,2,-1.0,-421.4456816338192,0.9993000523253013,0.4542272965115007,56.33415593476951,0.3125,15,CUMULATIVE_INDEPENDENT_CASE_NET_PNL_BY_EXIT_TIME; NOT_SHARED_NAV,25700.0,23.400000000000002,-0.37521873364834335,23.383621224412053,0,48,-8.780118367371234,169.0024913374128,-252.44319029640644,-196.10903436163693,33,464.351417245728,,6,2,-1.0,-421.4456816338192,0.9993000523253013,0.4542272965115007,56.33415593476951,0.3125,15,CUMULATIVE_INDEPENDENT_CASE_NET_PNL_BY_EXIT_TIME; NOT_SHARED_NAV
RANGE_CONSERVATIVE_RETEST,CANCEL_SOURCE_POI_INVALIDATION,72,31,31,0,0,10141.935483870968,22.277676371231415,-0.2837350015987342,21.793832478627863,0,31,-6.63939903741038,253.92372754760612,48.10235738788437,132.74360521348382,20,283.8771906729408,,8,3,-0.9999999999999999,-205.8213701597218,0.9782812226669937,0.5380546724668466,84.64124782559944,0.3548387096774194,11,CUMULATIVE_INDEPENDENT_CASE_NET_PNL_BY_EXIT_TIME; NOT_SHARED_NAV,10141.935483870968,22.277676371231415,-0.2837350015987342,21.793832478627863,0,31,-6.63939903741038,253.92372754760612,48.10235738788437,132.74360521348382,20,283.8771906729408,,8,3,-0.9999999999999999,-205.8213701597218,0.9782812226669937,0.5380546724668466,84.64124782559944,0.3548387096774194,11,CUMULATIVE_INDEPENDENT_CASE_NET_PNL_BY_EXIT_TIME; NOT_SHARED_NAV
RANGE_CONSERVATIVE_RETEST,CANCEL_STRICT_STRUCTURE,72,30,30,0,0,10250.0,22.218606706559385,-0.2598595016520253,21.793832478627863,0,30,-6.080712338657393,249.20906731670016,66.7876971569784,149.85739225682752,19,260.4771906729408,,7,3,-0.9999999999999999,-182.4213701597218,0.9808820492868205,0.567879081166054,83.0696950998491,0.36666666666666664,11,CUMULATIVE_INDEPENDENT_CASE_NET_PNL_BY_EXIT_TIME; NOT_SHARED_NAV,10250.0,22.218606706559385,-0.2598595016520253,21.793832478627863,0,30,-6.080712338657393,249.20906731670016,66.7876971569784,149.85739225682752,19,260.4771906729408,,7,3,-0.9999999999999999,-182.4213701597218,0.9808820492868205,0.567879081166054,83.0696950998491,0.36666666666666664,11,CUMULATIVE_INDEPENDENT_CASE_NET_PNL_BY_EXIT_TIME; NOT_SHARED_NAV
SFP_ATR_STOP,CANCEL_SOURCE_POI_INVALIDATION,10780,10633,10623,10,99,16884.0,15.220199497758276,-0.21972619917563546,11.30244902079016,0,50,-5.14159306070987,123.4417400005485,-133.63791303494503,-92.49067006772648,31,269.23304132934766,,7,3,-0.4559454327315856,-257.0796530354935,0.7425953268519807,0.45513907129637526,41.147242967218546,0.38,19,CUMULATIVE_INDEPENDENT_CASE_NET_PNL_BY_EXIT_TIME; NOT_SHARED_NAV,29609.827732279016,17.447094548184577,-0.15977813547845193,21.98510801579458,0,10623,-3.7388083701957755,28653.73174628111,-11063.629570308614,-1512.385715378068,6930,39729.514704885725,,36,10,-0.5492666165117863,-39717.361316589726,1.2601013856534753,0.6715085739131724,9551.243854930546,0.3476419090652358,3693,CUMULATIVE_INDEPENDENT_CASE_NET_PNL_BY_EXIT_TIME; NOT_SHARED_NAV
SFP_ATR_STOP,CANCEL_STRICT_STRUCTURE,10780,1303,1302,1,1,28740.0,17.021481759566303,-0.04145862373940314,12.703240396108269,0,50,-0.9701317955020337,85.8840192042739,37.37742942917221,66.00543847081231,23,149.3880210290974,,3,4,0.043926538161772985,-48.50658977510168,0.7463063777610828,0.8760987912847493,28.6280090416401,0.54,27,CUMULATIVE_INDEPENDENT_CASE_NET_PNL_BY_EXIT_TIME; NOT_SHARED_NAV,28400.0,16.65100745851908,-0.11351837553629213,17.989810159737072,0,1302,-2.656329987549236,3230.4258745047136,-228.1157692843915,848.6928894981102,776,3514.0816068890717,,10,8,-0.4839551212440246,-3458.541643789105,1.0804037055747655,0.7323355014591838,1076.8086587825017,0.4039938556067588,526,CUMULATIVE_INDEPENDENT_CASE_NET_PNL_BY_EXIT_TIME; NOT_SHARED_NAV
SFP_BOS_POI,CANCEL_SOURCE_POI_INVALIDATION,10785,10637,10629,8,99,16260.0,22.743358487953724,-0.420049837986077,20.30394910897802,0,50,-9.829166208874202,233.6555887291891,-257.802721714521,-179.9175326681673,35,491.4583104437098,,7,3,-1.0,-491.4583104437101,0.8927419017614411,0.3826036721834747,77.88518904635369,0.3,15,CUMULATIVE_INDEPENDENT_CASE_NET_PNL_BY_EXIT_TIME; NOT_SHARED_NAV,20301.72170476997,23.231094253402066,-0.2649794162938397,40.53008622211381,0,10629,-6.200518341275849,56863.03405710128,-9042.275392319722,9912.069689861355,7790,66294.96876080835,,36,7,-1.0,-65905.309449421,1.7446481762768622,0.6358223584659836,18954.345082181077,0.2670994449148556,2839,CUMULATIVE_INDEPENDENT_CASE_NET_PNL_BY_EXIT_TIME; NOT_SHARED_NAV
SFP_BOS_POI,CANCEL_STRICT_STRUCTURE,10785,1304,1303,1,1,20814.0,22.480701883135215,0.022020204116919816,23.51124743580706,0,50,0.5152727763359235,165.09955270132275,190.86319151811892,245.89638558774416,25,168.73281202372584,,3,4,0.006867332550292907,25.763638816796174,1.0458413424113306,1.0458413424113306,55.03319406962524,0.5,25,CUMULATIVE_INDEPENDENT_CASE_NET_PNL_BY_EXIT_TIME; NOT_SHARED_NAV,20431.542594013816,22.910565398318706,-0.14518778695590207,35.673909376258315,0,1303,-3.397394214768108,6479.17417200909,2052.3695101662456,4212.09440265281,869,5137.111912573472,,23,5,-1.0,-4426.804661842844,1.5570942382275843,0.7776512075843173,2159.724892486564,0.33307751343054487,434,CUMULATIVE_INDEPENDENT_CASE_NET_PNL_BY_EXIT_TIME; NOT_SHARED_NAV
SOURCE_CONF_STRICT,CANCEL_SOURCE_POI_INVALIDATION,2222,1566,1564,2,0,21246.0,23.400000000000002,-0.14127982180376408,35.70015344056448,0,50,-3.305947830208079,206.689247661865,41.39185615146107,110.28827645027346,33,517.0347074294907,,9,3,-1.0,-165.29739151040394,1.5256475829301057,0.7859396639336909,68.8964202988124,0.34,17,CUMULATIVE_INDEPENDENT_CASE_NET_PNL_BY_EXIT_TIME; NOT_SHARED_NAV,28556.58567774936,23.302127248730713,-0.26803155933377737,39.516776574715,0,1564,-6.27193848841039,8055.273819569537,-1754.0379763043122,931.0533341273541,1140,10963.29055262358,,20,9,-1.0,-9809.31179587385,1.6958441670542124,0.6307350235359527,2685.091310431666,0.2710997442455243,424,CUMULATIVE_INDEPENDENT_CASE_NET_PNL_BY_EXIT_TIME; NOT_SHARED_NAV
SOURCE_CONF_STRICT,CANCEL_STRICT_STRUCTURE,2222,762,761,1,0,15426.0,23.400000000000002,0.30948862017022416,57.23693082100854,0,50,7.242033711983246,201.1518784486777,563.25356404784,630.30421540956,31,302.89011406825483,,12,2,-0.9999999999999999,362.1016855991623,2.4460226846584843,1.499175193822942,67.05065136172007,0.38,19,CUMULATIVE_INDEPENDENT_CASE_NET_PNL_BY_EXIT_TIME; NOT_SHARED_NAV,27654.402102496715,23.233639391922893,-0.23957957312313719,36.9211152574958,0,761,-5.60616201108141,3742.649029050177,-523.6402613827762,723.9094439235162,538,5032.950308190027,,28,6,-1.0,-4266.289290432953,1.58912319480741,0.6586886104870864,1247.5497053062925,0.29303547963206306,223,CUMULATIVE_INDEPENDENT_CASE_NET_PNL_BY_EXIT_TIME; NOT_SHARED_NAV
SOURCE_CONSERVATIVE,CANCEL_SOURCE_POI_INVALIDATION,3541,2700,2698,2,2,21798.0,23.400000000000002,-0.5291003894151558,22.51271203202231,0,50,-12.380949112314648,222.2669406980849,-396.78051491764745,-322.6915475926237,38,748.5449621275474,,13,3,-1.0,-619.0474556157324,0.9620817107701841,0.30381527708532136,74.08896732502377,0.24,12,CUMULATIVE_INDEPENDENT_CASE_NET_PNL_BY_EXIT_TIME; NOT_SHARED_NAV,18800.815418828763,23.250649194938777,-0.3341147786398961,45.11801482003089,0,2698,-7.8182858201735685,17065.73838779595,-4027.9967550323368,1660.582773989006,2089,21801.773548694717,,26,5,-1.0,-21093.73514282829,1.94050559370412,0.5657098643206363,5688.579529021343,0.2257227575982209,609,CUMULATIVE_INDEPENDENT_CASE_NET_PNL_BY_EXIT_TIME; NOT_SHARED_NAV
SOURCE_CONSERVATIVE,CANCEL_STRICT_STRUCTURE,3541,638,637,1,0,14682.0,23.400000000000002,-0.4027717038121265,23.183807102654132,0,50,-9.42485786920376,216.27008948523354,-254.9728039749545,-182.8827814618585,35,523.5716570120725,,12,2,-0.9999999999999999,-471.24289346018804,0.9907609872929115,0.42461185169696214,72.09002251309597,0.3,15,CUMULATIVE_INDEPENDENT_CASE_NET_PNL_BY_EXIT_TIME; NOT_SHARED_NAV,21855.2590266876,23.062329302026225,-0.3267618676114354,32.106528670716315,0,637,-7.646227702107589,3379.132235558111,-1491.5148106844226,-365.137413437338,459,4950.599153638795,,14,5,-1.0,-4870.647046242534,1.3921633088421592,0.5398803245618831,1126.3773972470847,0.2794348508634223,178,CUMULATIVE_INDEPENDENT_CASE_NET_PNL_BY_EXIT_TIME; NOT_SHARED_NAV
SOURCE_DIRECT,CANCEL_SOURCE_POI_INVALIDATION,1107,588,588,0,5,5262.0,23.400000000000002,-0.435707304764475,42.62224534255643,0,50,-10.195550931488714,281.24212526484934,-228.53542130958644,-134.7880516128352,40,689.7015620680429,,14,3,-1.0,-509.77754657443575,1.8214634761776252,0.45536586904440624,93.74736969675128,0.2,10,CUMULATIVE_INDEPENDENT_CASE_NET_PNL_BY_EXIT_TIME; NOT_SHARED_NAV,10693.877551020409,23.245668529720056,-0.40058505409983036,57.51396730300279,0,588,-9.373690265936032,4173.15380924478,-1338.5760671256064,52.47520472150647,487,5511.729876370351,,21,4,-1.0,-5511.729876370387,2.4741799630098837,0.5131256186119061,1391.051271847113,0.1717687074829932,101,CUMULATIVE_INDEPENDENT_CASE_NET_PNL_BY_EXIT_TIME; NOT_SHARED_NAV
SOURCE_DIRECT,CANCEL_STRICT_STRUCTURE,1107,94,94,0,0,7446.0,23.400000000000002,-0.660725974621198,33.3072299561712,0,50,-15.460987806136034,314.5291146321118,-458.52027567468986,-353.6772516110884,43,773.0493903068009,,29,1,-1.0,-773.0493903068017,1.4233858955628715,0.231713982998607,104.84302406360145,0.14,7,CUMULATIVE_INDEPENDENT_CASE_NET_PNL_BY_EXIT_TIME; NOT_SHARED_NAV,10997.872340425532,23.12962727122946,-0.591663879318392,35.054445698559476,0,94,-13.844934776050374,585.4177285014956,-716.0061404472397,-520.8669184481097,79,1301.4238689487358,,29,2,-1.0,-1301.4238689487352,1.515564660316126,0.2877654418321758,195.1392219991299,0.1595744680851064,15,CUMULATIVE_INDEPENDENT_CASE_NET_PNL_BY_EXIT_TIME; NOT_SHARED_NAV
SOURCE_PERMITTED_UNION,CANCEL_SOURCE_POI_INVALIDATION,19448,16351,16333,18,118,15216.0,22.7951986073258,-0.5077977069559078,22.67451916166403,0,50,-11.882466342768241,243.3262085990917,-350.79710853932033,-269.6883831271688,38,594.1233171384117,,10,3,-1.0,-594.1233171384121,0.9947059269918803,0.31411766115533063,81.10872541215157,0.24,12,CUMULATIVE_INDEPENDENT_CASE_NET_PNL_BY_EXIT_TIME; NOT_SHARED_NAV,23213.20026939325,23.210501089802392,-0.28780435435135066,43.713282780036,0,16333,-6.734621891821605,91180.15562066888,-18816.42373845339,11576.961931511372,12312,111141.89932358728,,41,9,-1.0,-109996.57935912228,1.8833407607577062,0.6150839180479806,30393.385669964762,0.24618869772852509,4021,CUMULATIVE_INDEPENDENT_CASE_NET_PNL_BY_EXIT_TIME; NOT_SHARED_NAV
SOURCE_PERMITTED_UNION,CANCEL_STRICT_STRUCTURE,19448,3806,3803,3,1,17604.0,22.633918235946012,-0.3082609365439463,15.91761256609816,0,50,-7.213305915128344,188.54305469746774,-172.12224105894944,-109.27456053077974,30,372.1774605061154,,4,3,-0.9999999999999999,-360.6652957564172,0.7032636771135206,0.46884245140901365,62.847680528169725,0.4,20,CUMULATIVE_INDEPENDENT_CASE_NET_PNL_BY_EXIT_TIME; NOT_SHARED_NAV,24338.65369445175,23.043272804875155,-0.2483911721700804,39.306095784363976,0,3803,-5.812353428779882,20117.220210885527,-1987.1598787643618,4718.580380273301,2752,22700.645744851532,,32,9,-1.0,-22104.38008964989,1.7057514406568226,0.6514334171985176,6705.740259037662,0.276360767814883,1051,CUMULATIVE_INDEPENDENT_CASE_NET_PNL_BY_EXIT_TIME; NOT_SHARED_NAV
STB_BTS_EDGE,CANCEL_SOURCE_POI_INVALIDATION,3370,2854,2853,1,14,21510.0,22.817457260130045,-0.4842478580228211,21.359686518316224,0,50,-11.331399877734015,166.72234882278806,-399.8476450639127,-344.2735425605948,37,649.8261535138831,,10,4,-1.0,-566.5699938867007,0.9361116041461356,0.32890407713242603,55.57410250331788,0.26,13,CUMULATIVE_INDEPENDENT_CASE_NET_PNL_BY_EXIT_TIME; NOT_SHARED_NAV,24783.701366982124,22.92366633394859,-0.2475445014641327,55.027050769894366,0,2853,-5.792541334260705,14161.732869989706,-2364.3875566560873,2356.190160920883,2226,16609.37658627254,,36,10,-1.0,-16526.120426645793,2.4004472045731435,0.6761367463015996,4720.577717576971,0.21976866456361724,627,CUMULATIVE_INDEPENDENT_CASE_NET_PNL_BY_EXIT_TIME; NOT_SHARED_NAV
STB_BTS_EDGE,CANCEL_STRICT_STRUCTURE,3370,1167,1167,0,0,13308.0,22.87429069816614,-0.700581424351974,13.129516903666884,0,50,-16.393605329836195,180.65388470373108,-639.0263817880785,-578.8084433725086,41,819.680266491809,,12,2,-1.0,-819.6802664918097,0.5739857500682849,0.1259968719662089,60.21793841557,0.18,9,CUMULATIVE_INDEPENDENT_CASE_NET_PNL_BY_EXIT_TIME; NOT_SHARED_NAV,19818.508997429304,22.7328864886891,-0.2729007922119003,49.803076548330104,0,1167,-6.385878537758467,5788.774206292307,-1663.5460472718241,266.0453654672168,904,7554.077012630225,,27,7,-1.0,-7452.320253564131,2.1907942298972882,0.6373660204236579,1929.5914127390408,0.22536418166238217,263,CUMULATIVE_INDEPENDENT_CASE_NET_PNL_BY_EXIT_TIME; NOT_SHARED_NAV
STB_BTS_HALF,CANCEL_SOURCE_POI_INVALIDATION,4622,3729,3726,3,22,8154.0,23.400000000000002,-0.17422630970812067,73.2155217641499,0,50,-4.076895647170024,261.2895190939662,57.44473673546502,144.54124888176528,40,461.5691235954361,,12,3,-1.0,-203.84478235850116,3.128868451459397,0.7822171128648492,87.09651214630026,0.2,10,CUMULATIVE_INDEPENDENT_CASE_NET_PNL_BY_EXIT_TIME; NOT_SHARED_NAV,13261.916264090178,23.35856097730595,-0.4222231128421426,85.11020910847395,0,3726,-9.880020840506138,26845.01215047908,-9967.945501246788,-1019.6081585391017,3263,37003.77706686031,,46,4,-1.0,-36812.95765172587,3.6436409413731834,0.5170106515034583,8948.337342707686,0.12426194310252281,463,CUMULATIVE_INDEPENDENT_CASE_NET_PNL_BY_EXIT_TIME; NOT_SHARED_NAV
STB_BTS_HALF,CANCEL_STRICT_STRUCTURE,4622,444,443,1,0,7566.0,23.400000000000002,-0.5942447315126809,71.5467328260327,0,50,-13.905326717396733,318.2446527567908,-377.02168311304587,-270.940143031732,45,807.2382756245037,,26,1,-1.0,-695.2663358698367,3.0575526848731918,0.33972807609702127,106.08154008131383,0.1,5,CUMULATIVE_INDEPENDENT_CASE_NET_PNL_BY_EXIT_TIME; NOT_SHARED_NAV,12645.372460496614,23.347716078500678,-0.3999684043609775,85.36957777218416,0,443,-9.359260662046875,3490.5290393347173,-655.6234339520481,507.8862661415149,386,4146.152473286788,,26,3,-1.0,-4146.152473286766,3.6564423468724288,0.53994096832054,1163.5097000935632,0.12866817155756208,57,CUMULATIVE_INDEPENDENT_CASE_NET_PNL_BY_EXIT_TIME; NOT_SHARED_NAV
